# This file uses centimeters as units for non-parametric coordinates.

mtllib AntannaTable.mtl
v -1.488285 4.171692 -0.034443
v -0.462109 4.127008 -0.048131
v -1.237841 4.447411 -0.311459
v -0.586622 4.351255 -0.318345
v -1.556181 4.790936 -0.881135
v -0.751457 4.732193 -0.857608
v -1.673811 4.214341 -0.870343
v -0.461145 4.160586 -0.877011
v -0.318381 4.144250 -0.367540
v -0.544067 4.473814 -0.857458
v -1.558368 4.227227 -0.360523
v -1.660277 4.554190 -0.872613
v -1.011820 4.082206 -0.003397
v -0.424128 4.316909 -0.151789
v -0.980973 4.347967 -0.281481
v -1.370434 4.394320 -0.145418
v -0.645647 4.567569 -0.416491
v -1.139955 4.846202 -0.877207
v -1.391224 4.656167 -0.450966
v -0.906944 4.206304 -0.153034
v -1.097472 4.513722 -0.553603
v -0.404816 4.422511 -0.366601
v -1.509626 4.509631 -0.391320
vt 0.633216 0.653163
vt 0.634131 0.606452
vt 0.653814 0.599947
vt 0.657526 0.646380
vt 0.650279 0.554425
vt 0.669443 0.558063
vt 0.679483 0.575562
vt 0.670669 0.610412
vt 0.674808 0.636161
vt 0.699286 0.624992
vt 0.694215 0.654496
vt 0.698938 0.583701
vt 0.739914 0.599088
vt 0.740326 0.639053
vt 0.729911 0.678888
vt 0.683058 0.534035
vt 0.689679 0.560253
vt 0.734840 0.534043
vt 0.736744 0.565577
vt 0.686759 0.716743
vt 0.656355 0.677398
vt 0.679032 0.663414
vt 0.712115 0.696829
vn -0.252347 0.560316 0.788902
vn 0.077153 0.572836 0.816031
vn 0.024783 0.689094 0.724249
vn -0.205409 0.642283 0.738431
vn 0.223624 0.610545 0.759755
vn 0.428671 0.603443 0.672382
vn -0.101203 0.740445 0.664454
vn 0.076295 0.766295 0.637943
vn 0.278805 0.791391 0.544030
vn 0.084655 0.827225 0.555457
vn -0.148373 0.835589 0.528939
vn 0.243089 0.857298 0.453815
vn 0.192259 0.887225 0.419367
vn 0.070628 0.851864 0.518980
vn -0.273998 0.820139 0.502292
vn 0.964102 0.252399 -0.082469
vn 0.854466 0.518781 0.027454
vn 0.930131 0.274757 -0.243647
vn 0.832143 0.540194 -0.125412
vn -0.959068 0.109853 0.261001
vn -0.921191 0.216324 0.323436
vn -0.822310 0.391949 0.412531
vn -0.905342 0.285769 0.314152
s 1
usemtl aiStandardSurface1SG
f 1/1/1 13/2/2 20/3/3 16/4/4
f 13/2/2 2/5/5 14/6/6 20/3/3
f 20/3/3 14/6/6 4/7/7 15/8/8
f 16/4/4 20/3/3 15/8/8 3/9/9
f 3/9/9 15/8/8 21/10/10 19/11/11
f 15/8/8 4/7/7 17/12/12 21/10/10
f 21/10/10 17/12/12 6/13/13 18/14/14
f 19/11/11 21/10/10 18/14/14 5/15/15
f 2/5/5 9/16/16 22/17/17 14/6/6
f 9/16/16 8/18/18 10/19/19 22/17/17
f 22/17/17 10/19/19 6/13/13 17/12/12
f 14/6/6 22/17/17 17/12/12 4/7/7
f 7/20/20 11/21/21 23/22/22 12/23/23
f 11/21/21 1/1/1 16/4/4 23/22/22
f 23/22/22 16/4/4 3/9/9 19/11/11
f 12/23/23 23/22/22 19/11/11 5/15/15
v 1.254337 4.242488 -2.689492
v 1.409749 4.166658 -2.089077
v 1.673364 4.268614 -2.759189
v 1.804740 4.200649 -2.092055
v 1.565819 4.319282 -2.827578
v 1.929486 4.109027 -2.101211
v 1.879161 4.112515 -2.958360
v 1.182215 4.089754 -2.074112
v 1.206039 4.264667 -2.361797
v 1.090605 4.105672 -2.825587
v 1.695539 4.223367 -1.961839
v 1.626723 4.318033 -2.393072
v 0.979625 4.092805 -2.426258
v 1.399229 4.292429 -2.284359
v 1.723113 4.135260 -2.515095
v 1.721341 4.071067 -1.951933
v 1.512325 4.101365 -3.018400
vt 0.811794 0.745004
vt 0.774519 0.727872
vt 0.775435 0.704375
vt 0.804839 0.718745
vt 0.850822 0.730693
vt 0.834951 0.713574
vt 0.796878 0.701377
vt 0.843154 0.683443
vt 0.767156 0.677545
vt 0.773989 0.665278
vt 0.805541 0.678979
vt 0.839045 0.672195
vt 0.815612 0.658594
vt 0.861279 0.651441
vt 0.769979 0.651418
vt 0.753829 0.676229
vt 0.869362 0.687779
vn -0.556839 0.828054 0.065243
vn -0.457906 0.737281 0.496729
vn -0.378268 0.651044 0.658069
vn -0.414228 0.900868 0.129813
vn -0.465815 0.800991 -0.376072
vn -0.380609 0.885720 -0.265778
vn -0.153838 0.967324 0.201540
vn -0.086486 0.913376 -0.397825
vn 0.022665 0.800400 0.599038
vn 0.516527 0.849689 0.105963
vn 0.377934 0.925719 0.014486
vn 0.477538 0.867463 -0.139518
vn 0.780817 0.624715 0.007487
vn 0.531319 0.770997 -0.351089
vn 0.742143 0.669282 -0.035850
vn 0.061779 0.399522 0.914640
vn -0.136524 0.772182 -0.620561
s 1
f 36/24/24 31/25/25 25/26/26 32/27/27
f 33/28/28 36/24/24 32/27/27 24/29/29
f 24/29/29 32/27/27 37/30/30 28/31/31
f 32/27/27 25/26/26 34/32/32 37/30/30
f 37/30/30 34/32/32 27/33/33 35/34/34
f 28/31/31 37/30/30 35/34/34 26/35/35
f 26/35/35 35/34/34 38/36/36 30/37/37
f 35/34/34 27/33/33 29/38/38 38/36/36
f 39/39/39 29/38/38 27/33/33 34/32/32
f 31/25/25 39/39/39 34/32/32 25/26/26
f 40/40/40 33/28/28 24/29/29 28/31/31
f 30/37/37 40/40/40 28/31/31 26/35/35
v -0.757947 3.032369 3.218823
v -0.720012 3.064200 3.218823
v -0.827808 3.115626 3.172355
v -0.789873 3.147457 3.172355
v 0.781750 1.123556 -2.853326
v 0.819685 1.155387 -2.853326
v 0.851611 1.040299 -2.806858
v 0.889546 1.072130 -2.806858
vt 0.965852 0.610663
vt 0.939416 0.610667
vt 0.954924 0.610665
vt 0.950345 0.610666
vt 0.950254 0.000018
vt 0.950255 0.004596
vt 0.934748 0.004599
vt 0.939326 0.004598
vt 0.939417 0.615246
vt 0.950346 0.615244
vt 0.954834 0.004596
vt 0.939326 0.000019
vt 0.965763 0.004594
vt 0.934837 0.610668
vn -0.252694 0.301149 0.919486
vn -0.252694 0.301149 0.919486
vn -0.252694 0.301149 0.919486
vn -0.252694 0.301149 0.919486
vn -0.591588 0.705027 -0.391102
vn -0.591588 0.705027 -0.391102
vn -0.591588 0.705027 -0.391102
vn -0.591588 0.705027 -0.391102
vn 0.252694 -0.301149 -0.919486
vn 0.252694 -0.301149 -0.919486
vn 0.252694 -0.301149 -0.919486
vn 0.252694 -0.301149 -0.919486
vn 0.591588 -0.705027 0.391102
vn 0.591588 -0.705027 0.391102
vn 0.591588 -0.705027 0.391102
vn 0.591588 -0.705027 0.391102
vn 0.767857 0.640587 -0.006669
vn 0.767857 0.640587 -0.006669
vn 0.767857 0.640587 -0.006669
vn 0.767857 0.640587 -0.006669
vn -0.767857 -0.640587 0.006669
vn -0.767857 -0.640587 0.006669
vn -0.767857 -0.640587 0.006669
vn -0.767857 -0.640587 0.006669
s off
f 41/49/41 42/42/42 44/44/43 43/50/44
f 43/43/45 44/44/46 46/46/47 45/51/48
f 45/45/49 46/46/50 48/48/51 47/52/52
f 47/47/53 48/48/54 42/42/55 41/54/56
f 42/42/57 48/48/58 46/46/59 44/44/60
f 47/53/61 41/41/62 43/43/63 45/51/64
v -0.715569 6.723811 -2.378015
v -0.740267 6.721372 -2.398052
v -0.720085 6.718934 -2.422631
v -0.695387 6.721372 -2.402594
v -0.711586 6.475170 -2.378122
v -0.736330 6.470766 -2.397762
v -0.716286 6.462552 -2.421175
v -0.691541 6.466956 -2.401535
v -0.725969 6.246320 -2.274793
v -0.750877 6.238362 -2.293061
v -0.730971 6.227113 -2.315301
v -0.706064 6.235071 -2.297034
v -0.641294 5.791404 -2.085310
v -0.660885 5.769002 -2.096788
v -0.644448 5.768633 -2.124122
v -0.624858 5.791036 -2.112644
v -0.461757 5.724127 -1.957693
v -0.463404 5.692429 -1.954540
v -0.441113 5.689028 -1.977101
v -0.439467 5.720726 -1.980254
v -0.320487 5.749338 -1.755879
v -0.321668 5.717692 -1.752065
v -0.292680 5.715039 -1.765107
v -0.291499 5.746685 -1.768921
v -0.261034 5.763381 -1.513267
v -0.263174 5.731556 -1.513161
v -0.231443 5.729414 -1.515596
v -0.229303 5.761239 -1.515702
v -0.276248 5.751959 -1.262129
v -0.278227 5.720240 -1.264848
v -0.246968 5.717788 -1.258993
v -0.244989 5.749507 -1.256275
v -0.360131 5.728664 -1.028910
v -0.361283 5.697151 -1.033706
v -0.334343 5.693623 -1.016997
v -0.333191 5.725136 -1.012201
v -0.553500 5.727625 -0.906852
v -0.551978 5.696387 -0.913119
v -0.551520 5.690135 -0.881845
v -0.553042 5.721373 -0.875578
v -0.783388 5.703273 -0.986720
v -0.779981 5.672076 -0.992423
v -0.797286 5.665440 -0.966462
v -0.800693 5.696638 -0.960759
v -0.966357 5.707700 -1.156509
v -0.961688 5.676474 -1.161040
v -0.986458 5.670009 -1.142012
v -0.991127 5.701235 -1.137481
v -1.071961 5.712679 -1.381704
v -1.065987 5.681393 -1.383407
v -1.096640 5.675198 -1.377131
v -1.102614 5.706484 -1.375428
v -1.043789 5.714596 -1.620458
v -1.038481 5.683272 -1.617628
v -1.066018 5.677256 -1.632559
v -1.071326 5.708581 -1.635390
v -0.856883 5.714401 -1.767523
v -0.855334 5.683080 -1.761693
v -0.863797 5.677047 -1.791849
v -0.865347 5.708369 -1.797679
v -0.621825 5.717467 -1.739950
v -0.623781 5.686081 -1.734610
v -0.607163 5.680511 -1.761260
v -0.605206 5.711896 -1.766600
v -0.454844 5.731085 -1.560252
v -0.457766 5.699621 -1.555910
v -0.430167 5.694947 -1.571203
v -0.427245 5.726412 -1.575545
v -0.363875 5.751910 -1.327469
v -0.367070 5.720387 -1.323794
v -0.336401 5.716371 -1.331585
v -0.333206 5.747894 -1.335260
v -0.341694 5.771072 -1.080206
v -0.345023 5.739371 -1.079055
v -0.313673 5.736259 -1.074064
v -0.310344 5.767961 -1.075214
v -0.485042 5.767506 -0.907808
v -0.483562 5.735932 -0.912091
v -0.474726 5.732220 -0.881668
v -0.476206 5.763793 -0.877385
v -0.729482 5.745028 -0.915068
v -0.725715 5.713651 -0.919394
v -0.732625 5.708585 -0.888670
v -0.736392 5.739962 -0.884343
v -0.960369 5.728781 -1.008241
v -0.956023 5.697448 -1.012332
v -0.971854 5.691715 -0.985241
v -0.976200 5.723049 -0.981150
v -1.172578 5.708590 -1.142599
v -1.166657 5.677378 -1.145463
v -1.188473 5.671181 -1.123033
v -1.194393 5.702393 -1.120168
v -1.204708 5.716845 -1.362367
v -1.198501 5.685591 -1.363803
v -1.227337 5.680444 -1.376428
v -1.233544 5.711698 -1.374992
v -1.031582 5.748075 -1.525367
v -1.027700 5.716427 -1.524464
v -1.039866 5.714097 -1.553857
v -1.043748 5.745744 -1.554760
v -0.798093 5.760849 -1.524791
v -0.798884 5.728967 -1.524227
v -0.782439 5.728076 -1.551544
v -0.781649 5.759958 -1.552107
v -0.673958 5.739396 -1.326268
v -0.678316 5.708215 -1.331387
v -0.646829 5.704365 -1.334737
v -0.642472 5.735546 -1.329618
v -0.655347 5.712378 -1.075251
v -0.658562 5.680648 -1.074750
v -0.628400 5.677436 -1.084616
v -0.625184 5.709166 -1.085117
v -0.571853 5.689171 -0.837283
v -0.574389 5.657482 -0.834677
v -0.544116 5.654277 -0.844201
v -0.541580 5.685966 -0.846807
v -0.520677 5.197969 -0.535519
v -0.530506 5.199277 -0.565836
v -0.500498 5.194961 -0.575751
v -0.490669 5.193653 -0.545434
v -0.534393 4.943948 -0.529933
v -0.543975 4.937140 -0.559585
v -0.514233 4.941590 -0.570218
v -0.504651 4.948398 -0.540566
v -0.416322 4.836393 -0.450976
v -0.416578 4.819678 -0.478141
v -0.407003 4.845551 -0.494152
v -0.406748 4.862266 -0.466987
v -0.077744 5.272782 -0.581014
v -0.053110 5.263022 -0.598772
v -0.073331 5.252998 -0.621312
v -0.097965 5.262757 -0.603554
v -0.061775 5.311881 -0.634456
v -0.046972 5.285386 -0.624645
v -0.074200 5.269050 -0.627680
v -0.089003 5.295545 -0.637491
v -0.512208 5.704897 -0.619095
v -0.503858 5.658614 -0.567067
v -0.519075 5.675510 -0.632325
v -0.505486 5.635692 -0.592256
v -0.488479 5.672103 -0.640658
v -0.474135 5.638661 -0.597389
v -0.481603 5.701485 -0.627399
v -0.472500 5.661591 -0.572138
v -0.232904 4.823085 -0.485394
v -0.097400 4.957993 -0.509420
v -0.224564 4.808943 -0.513540
v -0.089503 4.944243 -0.536911
v -0.245523 4.825614 -0.525764
v -0.110793 4.960695 -0.552442
v -0.253390 4.839856 -0.497462
v -0.118519 4.974503 -0.524896
vt 0.020102 0.903463
vt 0.020303 0.900537
vt 0.043670 0.900504
vt 0.043611 0.903537
vt 0.020552 0.897594
vt 0.043912 0.909484
vt 0.020342 0.906386
vt 0.043858 0.906497
vt 0.067257 0.900606
vt 0.067453 0.903534
vt 0.067594 0.909411
vt 0.067772 0.906464
vt 0.113908 0.900751
vt 0.113622 0.903431
vt 0.113415 0.909083
vt 0.113109 0.906393
vt 0.135445 0.900649
vt 0.135032 0.903542
vt 0.135291 0.909352
vt 0.134950 0.906484
vt 0.158710 0.900629
vt 0.158660 0.903599
vt 0.158707 0.909478
vt 0.158657 0.906511
vt 0.182177 0.900561
vt 0.182207 0.903547
vt 0.182243 0.909475
vt 0.182259 0.906487
vt 0.205929 0.900552
vt 0.205927 0.903521
vt 0.205883 0.909412
vt 0.205884 0.906431
vt 0.229474 0.900615
vt 0.229445 0.903599
vt 0.229099 0.909348
vt 0.229106 0.906363
vt 0.402042 0.871115
vt 0.402163 0.874161
vt 0.402637 0.879866
vt 0.402568 0.876852
vt 0.425087 0.870458
vt 0.425176 0.873447
vt 0.425483 0.879355
vt 0.425403 0.876351
vt 0.448930 0.869870
vt 0.448965 0.872862
vt 0.449037 0.878767
vt 0.448942 0.875761
vt 0.472538 0.869395
vt 0.472563 0.872395
vt 0.472546 0.878259
vt 0.472474 0.875257
vt 0.495081 0.869039
vt 0.495114 0.872062
vt 0.495151 0.877861
vt 0.495110 0.874862
vt 0.517247 0.868889
vt 0.517291 0.871891
vt 0.517295 0.877561
vt 0.517307 0.874555
vt 0.539356 0.868814
vt 0.539408 0.871832
vt 0.539592 0.877681
vt 0.539639 0.874667
vt 0.562755 0.868867
vt 0.562758 0.871868
vt 0.562879 0.877808
vt 0.562896 0.874800
vt 0.586755 0.869013
vt 0.586695 0.871991
vt 0.586591 0.877922
vt 0.586581 0.874912
vt 0.610469 0.869293
vt 0.610336 0.872303
vt 0.609885 0.877988
vt 0.609856 0.874995
vt 0.630641 0.869539
vt 0.630708 0.872577
vt 0.630985 0.878270
vt 0.631108 0.875265
vt 0.653977 0.869850
vt 0.653967 0.872841
vt 0.653938 0.878758
vt 0.654014 0.875751
vt 0.677792 0.870278
vt 0.677697 0.873250
vt 0.677800 0.879219
vt 0.677829 0.876211
vt 0.701807 0.870789
vt 0.701733 0.873831
vt 0.700955 0.879497
vt 0.701034 0.876483
vt 0.412093 0.882465
vt 0.412146 0.885483
vt 0.412573 0.891075
vt 0.412435 0.888067
vt 0.434596 0.881950
vt 0.434631 0.884932
vt 0.434666 0.890599
vt 0.434615 0.887593
vt 0.456203 0.881739
vt 0.456202 0.884774
vt 0.456336 0.890407
vt 0.456301 0.887405
vt 0.477710 0.881652
vt 0.478020 0.884676
vt 0.478475 0.890497
vt 0.478719 0.887489
vt 0.502231 0.881581
vt 0.501962 0.884529
vt 0.501964 0.890473
vt 0.501685 0.887474
vt 0.526091 0.881484
vt 0.525867 0.884518
vt 0.526051 0.890594
vt 0.525847 0.887579
vt 0.594068 0.884646
vt 0.593860 0.881644
vt 0.617505 0.881831
vt 0.617693 0.884671
vt 0.594075 0.878637
vt 0.617638 0.890450
vt 0.594296 0.887640
vt 0.617860 0.887600
vt 0.632585 0.881825
vt 0.632390 0.884704
vt 0.632179 0.890068
vt 0.631986 0.887232
vt 0.694763 0.885331
vt 0.694718 0.882426
vt 0.698044 0.882326
vt 0.700192 0.884933
vt 0.694204 0.879502
vt 0.696286 0.890524
vt 0.694454 0.888177
vt 0.698948 0.888141
vt 0.546623 0.884940
vt 0.551199 0.884427
vt 0.550890 0.887396
vt 0.546536 0.887913
vt 0.545901 0.882154
vt 0.552716 0.881894
vt 0.546134 0.879173
vt 0.552547 0.889988
vt 0.647856 0.884887
vt 0.665357 0.884818
vt 0.666393 0.887383
vt 0.646895 0.887285
vt 0.648417 0.881910
vt 0.664980 0.881906
vt 0.647428 0.879533
vt 0.665975 0.890327
vt 0.665994 0.879292
vt 0.694296 0.891116
vt 0.632284 0.879172
vt 0.647519 0.890264
vt 0.552249 0.878898
vt 0.594087 0.890629
vt 0.526120 0.878464
vt 0.545722 0.890525
vt 0.696058 0.879467
vt 0.617665 0.879003
vt 0.501922 0.878636
vt 0.478350 0.878831
vt 0.456283 0.879098
vt 0.434503 0.879277
vt 0.722364 0.868718
vt 0.701261 0.868108
vt 0.678053 0.867323
vt 0.654096 0.866946
vt 0.631086 0.866855
vt 0.610087 0.866586
vt 0.586699 0.866091
vt 0.562905 0.865938
vt 0.539576 0.865974
vt 0.517238 0.866223
vt 0.495018 0.866231
vt 0.472358 0.866535
vt 0.448770 0.866936
vt 0.425135 0.867584
vt 0.250838 0.897991
vt 0.229179 0.897850
vt 0.205897 0.897643
vt 0.182216 0.897615
vt 0.158695 0.897702
vt 0.135413 0.897689
vt 0.113391 0.897825
vt 0.067580 0.897662
vt 0.043915 0.897554
vt 0.020498 0.909352
vt 0.250540 0.903698
vt 0.250854 0.906380
vt 0.250825 0.909373
vt 0.402276 0.868406
vt 0.250518 0.900671
vt 0.721975 0.874310
vt 0.722113 0.876901
vt 0.722078 0.879906
vt 0.412211 0.879866
vt 0.722096 0.871300
vn 0.088899 0.002290 0.996038
vn -0.988835 -0.016657 0.148078
vn -0.999640 0.026751 -0.002139
vn 0.129013 0.202054 0.970840
vn -0.094743 -0.005814 -0.995485
vn -0.074304 -0.216596 -0.973430
vn 0.997551 0.013500 -0.068622
vn 0.979928 -0.057582 -0.190855
vn -0.990090 -0.041961 0.134017
vn 0.046885 0.392515 0.918550
vn -0.197248 -0.409661 -0.890658
vn 0.989802 0.046393 -0.134681
vn -0.896883 -0.402825 0.182571
vn -0.145929 0.481206 0.864376
vn -0.230138 -0.573934 -0.785899
vn 0.911438 0.230007 -0.341140
vn -0.545924 -0.734244 0.403549
vn -0.386044 0.781374 0.490332
vn 0.397051 -0.781080 -0.481939
vn 0.635861 0.530993 -0.560113
vn -0.640477 -0.684435 0.348337
vn -0.557838 0.809440 0.183366
vn 0.669186 -0.703059 -0.240620
vn 0.707799 0.599056 -0.374370
vn -0.728339 -0.681679 0.069536
vn -0.597646 0.800304 0.048302
vn 0.714532 -0.696849 -0.062016
vn 0.772468 0.630924 -0.072309
vn -0.710807 -0.676093 -0.194042
vn -0.598532 0.798441 -0.065204
vn 0.697961 -0.710021 0.093381
vn 0.763091 0.614163 0.201237
vn -0.547234 -0.688560 -0.475837
vn -0.437716 0.854925 -0.278402
vn 0.589443 -0.694052 0.413340
vn 0.651896 0.495403 0.574115
vn -0.040690 -0.657156 -0.752656
vn -0.089571 0.909399 -0.406166
vn 0.130876 -0.686044 0.715692
vn 0.058160 0.454430 0.888882
vn 0.434863 -0.603387 -0.668445
vn 0.214844 0.878669 -0.426360
vn -0.291649 -0.790679 0.538301
vn -0.466371 0.462818 0.753855
vn 0.643624 -0.593650 -0.483040
vn 0.395844 0.877651 -0.270251
vn -0.512733 -0.782572 0.353109
vn -0.694769 0.497130 0.519767
vn 0.776367 -0.615250 -0.136826
vn 0.451594 0.889845 -0.065102
vn -0.657433 -0.747839 0.092300
vn -0.864747 0.479363 0.149747
vn 0.667417 -0.646398 0.369762
vn 0.365136 0.907738 0.206609
vn -0.610917 -0.711448 -0.347307
vn -0.779884 0.450037 -0.435027
vn 0.213179 -0.645944 0.733015
vn 0.108406 0.904706 0.412014
vn -0.187944 -0.707799 -0.680954
vn -0.244415 0.438783 -0.864714
vn -0.321815 -0.654309 0.684336
vn -0.240861 0.890825 0.385249
vn 0.332362 -0.723312 -0.605273
vn 0.390340 0.462328 -0.796171
vn -0.626389 -0.639471 0.445774
vn -0.484104 0.843884 0.231309
vn 0.583224 -0.752613 -0.305652
vn 0.695131 0.533440 -0.481907
vn -0.730602 -0.644601 0.225190
vn -0.566349 0.821488 0.066375
vn 0.662098 -0.743735 -0.092108
vn 0.787287 0.571015 -0.232639
vn -0.683555 -0.707198 -0.180617
vn -0.489827 0.857192 -0.159034
vn 0.728366 -0.632879 0.262577
vn 0.816688 0.533788 0.219296
vn -0.243299 -0.714438 -0.656036
vn -0.223200 0.877147 -0.425199
vn 0.363876 -0.631547 0.684647
vn 0.307564 0.505102 0.806397
vn 0.208650 -0.629451 -0.748503
vn 0.044967 0.845614 -0.531898
vn -0.072285 -0.756854 0.649574
vn -0.214947 0.528231 0.821444
vn 0.406259 -0.589416 -0.698242
vn 0.191666 0.840205 -0.507266
vn -0.228906 -0.788363 0.571039
vn -0.419043 0.543841 0.727076
vn 0.637634 -0.649207 -0.414673
vn 0.329126 0.907509 -0.260967
vn -0.565826 -0.728083 0.386958
vn -0.767171 0.410312 0.493045
vn 0.702709 -0.685797 0.189427
vn 0.377600 0.897198 0.229031
vn -0.679400 -0.668360 -0.302838
vn -0.876459 0.404395 -0.261312
vn 0.321369 -0.721998 0.612732
vn 0.124912 0.837614 0.531790
vn -0.230274 -0.610888 -0.757489
vn -0.359316 0.536232 -0.763772
vn -0.316581 -0.782852 0.535648
vn -0.237113 0.851657 0.467395
vn 0.397889 -0.548693 -0.735268
vn 0.417518 0.550686 -0.722789
vn -0.714034 -0.680557 0.164311
vn -0.534180 0.809890 0.242342
vn 0.660810 -0.683332 -0.310463
vn 0.802164 0.566270 -0.189396
vn -0.793321 -0.598523 0.111407
vn -0.638289 0.742659 0.202595
vn 0.550350 -0.809623 -0.204023
vn 0.755876 0.649201 -0.084787
vn -0.711821 -0.668389 0.215795
vn -0.590405 0.781790 0.200565
vn 0.584028 -0.788514 -0.192762
vn 0.754267 0.615445 -0.228711
vn -0.458158 0.065944 0.886421
vn -0.852201 0.020138 -0.522827
vn -0.854837 -0.288744 -0.431140
vn -0.630794 -0.071269 0.772670
vn 0.496118 -0.060442 -0.866149
vn 0.310828 -0.148420 -0.938806
vn 0.841509 -0.014852 0.540039
vn 0.846366 0.342172 0.408146
vn -0.354486 -0.934962 -0.013635
vn -0.280354 -0.330426 0.901233
vn 0.167898 0.011692 -0.985735
vn 0.311328 0.878063 0.363427
vn 0.175147 0.293306 0.939838
vn 0.996359 -0.048039 0.070432
vn 0.800130 0.398731 0.448113
vn -0.158582 0.790956 0.590966
vn -0.096131 -0.260399 -0.960704
vn -0.115012 -0.618018 -0.777705
vn -0.969639 0.176762 0.168986
vn -0.727997 0.625333 0.281033
vn -0.462839 0.863400 0.200798
vn -0.261756 0.148578 0.953629
vn 0.700370 0.114846 0.704480
vn 0.629225 0.772929 -0.081580
vn -0.843097 -0.506782 0.179889
vn -0.893006 -0.035940 -0.448607
vn 0.718945 -0.654346 -0.234414
vn 0.711089 -0.116495 -0.693384
vn 0.221979 -0.404548 0.887168
vn 0.425505 0.024235 0.904631
vn -0.910486 0.342104 0.232336
vn -0.248229 0.935745 0.250527
vn 0.416629 -0.890512 -0.182781
vn 0.915002 -0.395655 -0.078925
vn -0.257245 0.012089 -0.966271
vn -0.072752 -0.099744 -0.992350
s 1
f 49/55/65 50/56/66 54/57/67 53/58/68
f 50/56/66 51/59/69 55/243/70 54/57/67
f 51/244/69 52/61/71 56/62/72 55/60/70
f 52/61/71 49/55/65 53/58/68 56/62/72
f 53/58/68 54/57/67 58/63/73 57/64/74
f 54/57/67 55/243/70 59/242/75 58/63/73
f 55/60/70 56/62/72 60/66/76 59/65/75
f 56/62/72 53/58/68 57/64/74 60/66/76
f 57/64/74 58/63/73 62/67/77 61/68/78
f 58/63/73 59/242/75 63/241/79 62/67/77
f 59/65/75 60/66/76 64/70/80 63/69/79
f 60/66/76 57/64/74 61/68/78 64/70/80
f 61/68/78 62/67/77 66/71/81 65/72/82
f 62/67/77 63/241/79 67/240/83 66/71/81
f 63/69/79 64/70/80 68/74/84 67/73/83
f 64/70/80 61/68/78 65/72/82 68/74/84
f 65/72/82 66/71/81 70/75/85 69/76/86
f 66/71/81 67/240/83 71/239/87 70/75/85
f 67/73/83 68/74/84 72/78/88 71/77/87
f 68/74/84 65/72/82 69/76/86 72/78/88
f 69/76/86 70/75/85 74/79/89 73/80/90
f 70/75/85 71/239/87 75/238/91 74/79/89
f 71/77/87 72/78/88 76/82/92 75/81/91
f 72/78/88 69/76/86 73/80/90 76/82/92
f 73/80/90 74/79/89 78/83/93 77/84/94
f 74/79/89 75/238/91 79/237/95 78/83/93
f 75/81/91 76/82/92 80/86/96 79/85/95
f 76/82/92 73/80/90 77/84/94 80/86/96
f 77/84/94 78/83/93 82/87/97 81/88/98
f 78/83/93 79/237/95 83/236/99 82/87/97
f 79/85/95 80/86/96 84/90/100 83/89/99
f 80/86/96 77/84/94 81/88/98 84/90/100
f 81/88/98 82/87/97 86/249/101 85/245/102
f 82/87/97 83/236/99 87/235/103 86/249/101
f 83/89/99 84/90/100 88/246/104 87/247/103
f 84/90/100 81/88/98 85/245/102 88/246/104
f 85/92/102 86/91/101 90/95/105 89/96/106
f 86/91/101 87/248/103 91/234/107 90/95/105
f 87/93/103 88/94/104 92/98/108 91/97/107
f 88/94/104 85/92/102 89/96/106 92/98/108
f 89/96/106 90/95/105 94/99/109 93/100/110
f 90/95/105 91/234/107 95/233/111 94/99/109
f 91/97/107 92/98/108 96/102/112 95/101/111
f 92/98/108 89/96/106 93/100/110 96/102/112
f 93/100/110 94/99/109 98/103/113 97/104/114
f 94/99/109 95/233/111 99/232/115 98/103/113
f 95/101/111 96/102/112 100/106/116 99/105/115
f 96/102/112 93/100/110 97/104/114 100/106/116
f 97/104/114 98/103/113 102/107/117 101/108/118
f 98/103/113 99/232/115 103/231/119 102/107/117
f 99/105/115 100/106/116 104/110/120 103/109/119
f 100/106/116 97/104/114 101/108/118 104/110/120
f 101/108/118 102/107/117 106/111/121 105/112/122
f 102/107/117 103/231/119 107/230/123 106/111/121
f 103/109/119 104/110/120 108/114/124 107/113/123
f 104/110/120 101/108/118 105/112/122 108/114/124
f 105/112/122 106/111/121 110/115/125 109/116/126
f 106/111/121 107/230/123 111/229/127 110/115/125
f 107/113/123 108/114/124 112/118/128 111/117/127
f 108/114/124 105/112/122 109/116/126 112/118/128
f 109/116/126 110/115/125 114/119/129 113/120/130
f 110/115/125 111/229/127 115/228/131 114/119/129
f 111/117/127 112/118/128 116/122/132 115/121/131
f 112/118/128 109/116/126 113/120/130 116/122/132
f 113/120/130 114/119/129 118/123/133 117/124/134
f 114/119/129 115/228/131 119/227/135 118/123/133
f 115/121/131 116/122/132 120/126/136 119/125/135
f 116/122/132 113/120/130 117/124/134 120/126/136
f 117/124/134 118/123/133 122/127/137 121/128/138
f 118/123/133 119/227/135 123/226/139 122/127/137
f 119/125/135 120/126/136 124/130/140 123/129/139
f 120/126/136 117/124/134 121/128/138 124/130/140
f 121/128/138 122/127/137 126/131/141 125/132/142
f 122/127/137 123/226/139 127/225/143 126/131/141
f 123/129/139 124/130/140 128/134/144 127/133/143
f 124/130/140 121/128/138 125/132/142 128/134/144
f 125/132/142 126/131/141 130/135/145 129/136/146
f 126/131/141 127/225/143 131/224/147 130/135/145
f 127/133/143 128/134/144 132/138/148 131/137/147
f 128/134/144 125/132/142 129/136/146 132/138/148
f 129/136/146 130/135/145 134/139/149 133/140/150
f 130/135/145 131/224/147 135/223/151 134/139/149
f 131/137/147 132/138/148 136/142/152 135/141/151
f 132/138/148 129/136/146 133/140/150 136/142/152
f 133/140/150 134/139/149 138/143/153 137/144/154
f 134/139/149 135/223/151 139/222/155 138/143/153
f 135/141/151 136/142/152 140/146/156 139/145/155
f 136/142/152 133/140/150 137/144/154 140/146/156
f 137/144/154 138/143/153 142/254/157 141/250/158
f 138/143/153 139/222/155 143/221/159 142/254/157
f 139/145/155 140/146/156 144/251/160 143/252/159
f 140/146/156 137/144/154 141/250/158 144/251/160
f 141/148/158 142/147/157 146/151/161 145/152/162
f 142/147/157 143/253/159 147/220/163 146/151/161
f 143/149/159 144/150/160 148/154/164 147/153/163
f 144/150/160 141/148/158 145/152/162 148/154/164
f 145/152/162 146/151/161 150/155/165 149/156/166
f 146/151/161 147/220/163 151/219/167 150/155/165
f 147/153/163 148/154/164 152/158/168 151/157/167
f 148/154/164 145/152/162 149/156/166 152/158/168
f 149/156/166 150/155/165 154/159/169 153/160/170
f 150/155/165 151/219/167 155/218/171 154/159/169
f 151/157/167 152/158/168 156/162/172 155/161/171
f 152/158/168 149/156/166 153/160/170 156/162/172
f 153/160/170 154/159/169 158/163/173 157/164/174
f 154/159/169 155/218/171 159/217/175 158/163/173
f 155/161/171 156/162/172 160/166/176 159/165/175
f 156/162/172 153/160/170 157/164/174 160/166/176
f 157/164/174 158/163/173 162/167/177 161/168/178
f 158/163/173 159/217/175 163/213/179 162/167/177
f 159/165/175 160/166/176 164/170/180 163/169/179
f 160/166/176 157/164/174 161/168/178 164/170/180
f 165/171/181 166/172/182 170/173/183 169/174/184
f 166/172/182 167/175/185 171/216/186 170/173/183
f 167/212/185 168/177/187 172/178/188 171/176/186
f 168/177/187 165/171/181 169/174/184 172/178/188
f 169/174/184 170/173/183 174/179/189 173/180/190
f 170/173/183 171/216/186 175/209/191 174/179/189
f 171/176/186 172/178/188 176/182/192 175/181/191
f 172/178/188 169/174/184 173/180/190 176/182/192
f 177/183/193 178/184/194 182/185/195 181/186/196
f 178/184/194 179/187/197 183/215/198 182/185/195
f 179/208/197 180/189/199 184/190/200 183/188/198
f 180/189/199 177/183/193 181/186/196 184/190/200
f 185/191/201 186/192/202 192/193/203 191/194/204
f 186/192/202 185/191/201 187/195/205 188/196/206
f 188/196/206 187/195/205 189/197/207 190/211/208
f 190/198/208 189/214/207 191/194/204 192/193/203
f 161/168/178 162/167/177 187/195/205 185/191/201
f 162/167/177 163/213/179 189/197/207 187/195/205
f 163/169/179 164/170/180 191/194/204 189/214/207
f 164/170/180 161/168/178 185/191/201 191/194/204
f 165/171/181 186/192/202 188/196/206 166/172/182
f 166/172/182 188/196/206 190/211/208 167/175/185
f 167/212/185 190/198/208 192/193/203 168/177/187
f 168/177/187 192/193/203 186/192/202 165/171/181
f 193/199/209 194/200/210 200/201/211 199/202/212
f 194/200/210 193/199/209 195/203/213 196/204/214
f 196/204/214 195/203/213 197/205/215 198/207/216
f 198/206/216 197/210/215 199/202/212 200/201/211
f 173/180/190 174/179/189 195/203/213 193/199/209
f 174/179/189 175/209/191 197/205/215 195/203/213
f 175/181/191 176/182/192 199/202/212 197/210/215
f 176/182/192 173/180/190 193/199/209 199/202/212
f 194/200/210 196/204/214 178/184/194 177/183/193
f 196/204/214 198/207/216 179/187/197 178/184/194
f 198/206/216 200/201/211 180/189/199 179/208/197
f 200/201/211 194/200/210 177/183/193 180/189/199
v -1.664622 4.101803 2.912849
v -1.493422 4.364904 2.502691
v -0.520172 4.359645 2.206960
v -1.293637 4.393134 1.008655
v -0.147690 4.490021 1.433988
v -0.650474 4.112334 1.122551
v 0.274160 4.123046 1.884333
v -1.934931 4.127814 1.877345
v -0.365778 4.098680 2.969861
v -0.268534 4.453179 1.830576
v -1.780716 4.445300 1.808485
v -0.943738 4.364918 1.939923
v -1.315410 4.151307 0.934328
v 0.336573 4.148426 1.079051
v -0.105909 4.095437 0.950862
v -0.115775 4.206280 2.418992
v 0.496732 4.165166 1.457451
v -1.679205 4.099207 1.165457
v -0.101970 4.160813 2.731313
v -0.605545 4.333897 2.313905
v -0.762669 4.312455 2.416887
v -0.577675 4.405001 1.873489
v -0.077674 4.513352 1.614200
v -0.459385 4.474264 1.403795
v -0.884676 4.426306 1.602761
v -0.842466 4.426319 1.369868
v -1.521631 4.384683 1.232010
v -0.465327 4.478687 1.612583
vt 0.592028 0.337717
vt 0.621673 0.338867
vt 0.642525 0.379134
vt 0.631879 0.386607
vt 0.567884 0.361879
vt 0.621511 0.401092
vt 0.567999 0.485932
vt 0.613517 0.469561
vt 0.666483 0.418918
vt 0.674620 0.495951
vt 0.679238 0.357826
vt 0.673992 0.386061
vt 0.699488 0.377285
vt 0.699193 0.415640
vt 0.700863 0.343432
vt 0.716856 0.349552
vt 0.719139 0.377712
vt 0.721836 0.413112
vt 0.727616 0.478349
vt 0.746307 0.459766
vt 0.760588 0.396589
vt 0.768932 0.463985
vt 0.772952 0.342517
vt 0.755356 0.300669
vt 0.718794 0.283956
vt 0.672925 0.298305
vt 0.665964 0.527490
vt 0.742157 0.506150
vn 0.102239 0.952484 0.286918
vn 0.323535 0.912248 0.251256
vn 0.215509 0.948414 0.232523
vn 0.042301 0.972915 0.227261
vn 0.043466 0.917033 0.396435
vn 0.042476 0.951488 0.304740
vn -0.190120 0.886643 0.421567
vn -0.181839 0.934998 0.304490
vn 0.035013 0.996762 0.072385
vn -0.415399 0.909575 0.010873
vn 0.297560 0.904340 0.305986
vn -0.097800 0.979922 0.173747
vn -0.101998 0.990410 0.093192
vn -0.025416 0.999188 0.031267
vn 0.421197 0.892060 0.163776
vn 0.191796 0.878979 -0.436589
vn -0.073394 0.824174 -0.561560
vn 0.041255 0.883643 -0.466340
vn -0.379169 0.893651 -0.240041
vn 0.031470 0.805687 -0.591505
vn 0.044033 0.634389 -0.771759
vn 0.031095 0.554603 -0.831534
vn 0.005749 0.745103 -0.666925
vn 0.269436 0.853119 -0.446757
vn 0.495889 0.866991 0.049198
vn 0.447799 0.813500 0.371072
vn -0.804916 0.591101 0.052067
vn -0.779869 0.424954 -0.459585
s 1
f 219/255/217 216/256/218 203/257/219 220/258/220
f 209/259/221 219/255/217 220/258/220 221/260/222
f 201/261/223 209/259/221 221/260/222 202/262/224
f 202/262/224 221/260/222 212/263/225 211/264/226
f 220/258/220 203/257/219 210/265/227 222/266/228
f 221/260/222 220/258/220 222/266/228 212/263/225
f 212/263/225 222/266/228 228/267/229 225/268/230
f 222/266/228 210/265/227 223/269/231 228/267/229
f 228/267/229 223/269/231 205/270/232 224/271/233
f 225/268/230 228/267/229 224/271/233 226/272/234
f 211/264/226 212/263/225 225/268/230 227/273/235
f 227/273/235 225/268/230 226/272/234 204/274/236
f 204/274/236 226/272/234 206/275/237 213/276/238
f 226/272/234 224/271/233 215/277/239 206/275/237
f 224/271/233 205/270/232 214/278/240 215/277/239
f 217/279/241 214/278/240 205/270/232 223/269/231
f 207/280/242 217/279/241 223/269/231 210/265/227
f 216/256/218 207/280/242 210/265/227 203/257/219
f 208/281/243 201/261/223 202/262/224 211/264/226
f 218/282/244 208/281/243 211/264/226 227/273/235
f 213/276/238 218/282/244 227/273/235 204/274/236
v -1.671552 -0.028221 -2.847549
v -1.683700 -0.028221 -2.796804
v 1.752622 4.135443 -2.780757
v 1.740945 4.135442 -2.730012
v 1.926683 4.135442 -2.779341
v 1.914536 4.135441 -2.728597
v -1.486039 -0.028223 -2.846133
v -1.497570 -0.028223 -2.795389
vt 0.894544 0.524061
vt 0.925911 0.524666
vt 0.912729 0.000007
vt 0.924258 0.025880
vt 0.907037 0.015072
vt 0.911821 0.015718
vt 0.907800 0.513161
vt 0.912576 0.513771
vt 0.909320 0.530256
vt 0.914100 0.530924
vt 0.930691 0.523995
vt 0.894599 0.025299
vt 0.929032 0.025236
vt 0.917497 0.000695
vn -0.758591 0.626761 -0.178075
vn -0.758591 0.626761 -0.178075
vn -0.758591 0.626761 -0.178075
vn -0.758591 0.626761 -0.178075
vn 0.000008 1.000000 0.000011
vn 0.000008 1.000000 0.000011
vn 0.000008 1.000000 0.000011
vn 0.000008 1.000000 0.000011
vn 0.759786 -0.625542 0.177264
vn 0.759786 -0.625542 0.177264
vn 0.759786 -0.625542 0.177264
vn 0.759786 -0.625542 0.177264
vn -0.000008 -1.000000 0.000000
vn -0.000008 -1.000000 0.000000
vn -0.000008 -1.000000 0.000000
vn -0.000008 -1.000000 0.000000
vn -0.007869 -0.009580 0.999923
vn -0.007869 -0.009580 0.999923
vn -0.007869 -0.009580 0.999923
vn -0.007869 -0.009580 0.999923
vn 0.007871 0.009578 -0.999923
vn 0.007871 0.009578 -0.999923
vn 0.007871 0.009578 -0.999923
vn 0.007871 0.009578 -0.999923
s off
f 229/293/245 230/284/246 232/286/247 231/295/248
f 231/285/249 232/296/250 234/288/251 233/287/252
f 233/287/253 234/288/254 236/290/255 235/289/256
f 235/289/257 236/290/258 230/292/259 229/291/260
f 230/284/261 236/290/262 234/288/263 232/286/264
f 235/289/265 229/283/266 231/294/267 233/287/268
v 1.542597 -0.028223 3.055917
v 1.553647 -0.028223 3.106662
v -1.870100 4.135442 3.122709
v -1.858459 4.135441 3.173454
v -1.695375 4.135443 3.124124
v -1.684185 4.135442 3.174869
v 1.728800 -0.028222 3.057332
v 1.740441 -0.028222 3.108077
vt 0.773931 0.503938
vt 0.805364 0.504487
vt 0.784959 0.000017
vt 0.803808 0.006436
vt 0.786596 0.016099
vt 0.791367 0.016692
vt 0.787253 0.514860
vt 0.792029 0.515480
vt 0.781151 0.530970
vt 0.785908 0.531641
vt 0.810130 0.503882
vt 0.774095 0.005850
vt 0.808582 0.005797
vt 0.789733 0.000652
vn -0.760820 -0.626272 0.170105
vn -0.760820 -0.626272 0.170105
vn -0.760820 -0.626272 0.170105
vn -0.760820 -0.626272 0.170105
vn -0.000011 1.000000 0.000004
vn -0.000011 1.000000 0.000004
vn -0.000011 1.000000 0.000004
vn -0.000011 1.000000 0.000004
vn 0.759633 0.627500 -0.170885
vn 0.759633 0.627500 -0.170885
vn 0.759633 0.627500 -0.170885
vn 0.759633 0.627500 -0.170885
vn 0.000005 -1.000000 -0.000003
vn 0.000005 -1.000000 -0.000003
vn 0.000005 -1.000000 -0.000003
vn 0.000005 -1.000000 -0.000003
vn -0.007839 -0.022473 0.999717
vn -0.007839 -0.022473 0.999717
vn -0.007839 -0.022473 0.999717
vn -0.007839 -0.022473 0.999717
vn 0.007842 0.022475 -0.999717
vn 0.007842 0.022475 -0.999717
vn 0.007842 0.022475 -0.999717
vn 0.007842 0.022475 -0.999717
s off
f 237/307/269 238/298/270 240/300/271 239/309/272
f 239/299/273 240/310/274 242/302/275 241/301/276
f 241/301/277 242/302/278 244/304/279 243/303/280
f 243/303/281 244/304/282 238/306/283 237/305/284
f 238/298/285 244/304/286 242/302/287 240/300/288
f 243/303/289 237/297/290 239/308/291 241/301/292
v 1.542597 -0.028223 -2.811781
v 1.553647 -0.028223 -2.761036
v -1.870100 4.135442 -2.744989
v -1.858459 4.135441 -2.694244
v -1.695375 4.135443 -2.743574
v -1.684185 4.135442 -2.692829
v 1.728800 -0.028222 -2.810366
v 1.740441 -0.028222 -2.759621
vt 0.814135 0.503938
vt 0.845568 0.504487
vt 0.825163 0.000017
vt 0.844012 0.006436
vt 0.826800 0.016099
vt 0.831571 0.016692
vt 0.827457 0.514860
vt 0.832234 0.515480
vt 0.821355 0.530970
vt 0.826112 0.531641
vt 0.850335 0.503883
vt 0.814299 0.005850
vt 0.848785 0.005797
vt 0.829937 0.000652
vn -0.760820 -0.626272 0.170105
vn -0.760820 -0.626272 0.170105
vn -0.760820 -0.626272 0.170105
vn -0.760820 -0.626272 0.170105
vn -0.000011 1.000000 0.000004
vn -0.000011 1.000000 0.000004
vn -0.000011 1.000000 0.000004
vn -0.000011 1.000000 0.000004
vn 0.759633 0.627500 -0.170885
vn 0.759633 0.627500 -0.170885
vn 0.759633 0.627500 -0.170885
vn 0.759633 0.627500 -0.170885
vn 0.000005 -1.000000 -0.000003
vn 0.000005 -1.000000 -0.000003
vn 0.000005 -1.000000 -0.000003
vn 0.000005 -1.000000 -0.000003
vn -0.007839 -0.022473 0.999717
vn -0.007839 -0.022473 0.999717
vn -0.007839 -0.022473 0.999717
vn -0.007839 -0.022473 0.999717
vn 0.007842 0.022475 -0.999717
vn 0.007842 0.022475 -0.999717
vn 0.007842 0.022475 -0.999717
vn 0.007842 0.022475 -0.999717
s off
f 245/321/293 246/312/294 248/314/295 247/323/296
f 247/313/297 248/324/298 250/316/299 249/315/300
f 249/315/301 250/316/302 252/318/303 251/317/304
f 251/317/305 252/318/306 246/320/307 245/319/308
f 246/312/309 252/318/310 250/316/311 248/314/312
f 251/317/313 245/311/314 247/322/315 249/315/316
v -0.735321 6.739771 -2.498191
v -0.672610 6.739771 -2.389572
v -0.798033 6.739771 -2.389572
v -0.672610 6.713375 -2.389572
v -0.798033 6.713375 -2.389572
v -0.735321 6.713375 -2.498191
v -0.701206 6.744385 -2.356203
v -0.769437 6.744385 -2.356203
v -0.769437 6.708761 -2.356203
v -0.701206 6.708761 -2.356203
v -0.697606 6.744385 -2.480617
v -0.663491 6.744385 -2.421528
v -0.663491 6.708761 -2.421528
v -0.697606 6.708761 -2.480617
v -0.773037 6.744385 -2.480617
v -0.807152 6.744385 -2.421528
v -0.773037 6.708761 -2.480617
v -0.807152 6.708761 -2.421528
v -0.704483 6.732849 -2.328247
v -0.766160 6.732849 -2.328247
v -0.769437 6.708761 -2.319637
v -0.701206 6.708761 -2.319637
v -0.672604 6.732849 -2.490291
v -0.641765 6.732849 -2.436877
v -0.631824 6.708761 -2.439810
v -0.665939 6.708761 -2.498900
v -0.798039 6.732849 -2.490291
v -0.828878 6.732849 -2.436877
v -0.804703 6.708761 -2.498900
v -0.838819 6.708761 -2.439810
v -1.839988 7.803589 -1.958250
v 0.315217 7.803589 -1.958250
v -1.839988 7.842912 -1.942485
v 0.315217 7.842912 -1.942485
v -1.839988 7.858184 -1.980579
v 0.315217 7.858184 -1.980579
v -1.839988 7.818862 -1.996343
v 0.315217 7.818862 -1.996343
v -1.839988 8.312013 -3.226430
v 0.315217 8.312013 -3.226430
v -1.839988 8.351336 -3.210665
v 0.315217 8.351336 -3.210665
v -1.839988 8.366608 -3.248759
v 0.315217 8.366608 -3.248759
v -1.839988 8.327286 -3.264524
v 0.315217 8.327286 -3.264524
v -1.839988 7.579891 -1.400272
v 0.315217 7.579891 -1.400272
v -1.839988 7.619214 -1.384507
v 0.315217 7.619214 -1.384507
v -1.839988 7.634486 -1.422601
v 0.315217 7.634486 -1.422601
v -1.839988 7.595163 -1.438365
v 0.315217 7.595163 -1.438365
v -1.839988 8.205275 -2.960190
v 0.315217 8.205275 -2.960190
v -1.839988 8.244598 -2.944425
v 0.315217 8.244598 -2.944425
v -1.839988 8.259870 -2.982519
v 0.315217 8.259870 -2.982519
v -1.839988 8.220548 -2.998284
v 0.315217 8.220548 -2.998284
v -0.741865 7.543426 -1.417732
v -0.741865 8.345416 -3.418161
v -0.741865 7.582749 -1.401967
v -0.741865 8.384739 -3.402397
v -0.782906 7.582749 -1.401967
v -0.782906 8.384739 -3.402397
v -0.782906 7.543426 -1.417732
v -0.782906 8.345416 -3.418161
v -1.839988 8.101488 -2.701311
v 0.315217 8.101488 -2.701311
v -1.839988 8.140811 -2.685546
v 0.315217 8.140811 -2.685546
v -1.839988 8.156084 -2.723640
v 0.315217 8.156084 -2.723640
v -1.839988 8.116761 -2.739405
v 0.315217 8.116761 -2.739405
v -1.839988 7.698084 -1.695086
v 0.315217 7.698084 -1.695086
v -1.839988 7.737407 -1.679321
v 0.315217 7.737407 -1.679321
v -1.839988 7.752680 -1.717415
v 0.315217 7.752680 -1.717415
v -1.839988 7.713357 -1.733179
v 0.315217 7.713357 -1.733179
v -0.713805 5.719725 -1.922497
v -0.713805 6.713176 -2.374247
v -0.713805 5.737262 -1.883932
v -0.713805 6.730713 -2.335682
v -0.754847 5.737262 -1.883932
v -0.754847 6.730713 -2.335682
v -0.754847 5.719725 -1.922497
v -0.754847 6.713176 -2.374247
v -0.318527 5.719725 -2.685723
v -0.709754 6.713176 -2.459848
v -0.285129 5.737262 -2.705005
v -0.676355 6.730713 -2.479130
v -0.264608 5.737262 -2.669462
v -0.655835 6.730713 -2.443588
v -0.298007 5.719725 -2.650180
v -0.689233 6.713176 -2.424305
v -1.150571 5.721616 -2.636981
v -0.759345 6.715067 -2.411106
v -1.183970 5.739153 -2.656263
v -0.792743 6.732604 -2.430389
v -1.163449 5.739153 -2.691806
v -0.772223 6.732604 -2.465932
v -1.130051 5.721616 -2.672524
v -0.738824 6.715067 -2.446649
v -0.713805 5.797959 -2.442688
v -0.713805 8.066438 -2.442688
v -0.713805 5.797959 -2.400322
v -0.713805 8.066438 -2.400322
v -0.754847 5.797959 -2.400322
v -0.754847 8.066438 -2.400322
v -0.754847 5.797959 -2.442688
v -0.754847 8.066438 -2.442688
v -0.702412 5.684855 -1.948083
v -0.755341 5.684855 -1.948083
v -0.781806 5.684855 -1.902245
v -0.755341 5.684855 -1.856407
v -0.702412 5.684855 -1.856407
v -0.675948 5.684855 -1.902245
v -0.702412 5.738043 -1.948083
v -0.755341 5.738043 -1.948083
v -0.781806 5.738043 -1.902245
v -0.755341 5.738043 -1.856407
v -0.702412 5.738043 -1.856407
v -0.675948 5.738043 -1.902245
v -1.129033 5.684855 -2.709932
v -1.181963 5.684855 -2.709932
v -1.208427 5.684855 -2.664094
v -1.181963 5.684855 -2.618256
v -1.129033 5.684855 -2.618256
v -1.102569 5.684855 -2.664094
v -1.129033 5.738043 -2.709932
v -1.181963 5.738043 -2.709932
v -1.208427 5.738043 -2.664094
v -1.181963 5.738043 -2.618256
v -1.129033 5.738043 -2.618256
v -1.102569 5.738043 -2.664094
v -1.072648 6.004215 -2.596681
v -0.793625 5.862560 -2.435588
v -1.064339 6.026035 -2.591885
v -0.785317 5.884380 -2.430791
v -1.048072 6.026035 -2.620061
v -0.769049 5.884380 -2.458968
v -1.056380 6.004215 -2.624858
v -0.777358 5.862560 -2.463764
v -0.717318 6.004215 -2.041252
v -0.717318 5.862560 -2.363440
v -0.717318 6.026035 -2.050846
v -0.717318 5.884380 -2.373033
v -0.749853 6.026035 -2.050846
v -0.749853 5.884380 -2.373033
v -0.749853 6.004215 -2.041252
v -0.749853 5.862560 -2.363440
v -0.735322 5.857390 -2.498191
v -0.798033 5.857390 -2.389572
v -0.672610 5.857390 -2.389572
v -0.798033 5.883786 -2.389572
v -0.672610 5.883786 -2.389572
v -0.735322 5.883786 -2.498191
v -0.769437 5.852776 -2.356203
v -0.701206 5.852776 -2.356203
v -0.701206 5.888401 -2.356203
v -0.769437 5.888401 -2.356203
v -0.773037 5.852776 -2.480617
v -0.807152 5.852776 -2.421528
v -0.807152 5.888401 -2.421528
v -0.773037 5.888401 -2.480617
v -0.697606 5.852776 -2.480617
v -0.663491 5.852776 -2.421528
v -0.697606 5.888401 -2.480617
v -0.663491 5.888401 -2.421528
v -0.766160 5.864312 -2.328247
v -0.704483 5.864312 -2.328247
v -0.701206 5.888401 -2.319637
v -0.769437 5.888401 -2.319637
v -0.798039 5.864312 -2.490290
v -0.828878 5.864312 -2.436877
v -0.838819 5.888401 -2.439810
v -0.804704 5.888401 -2.498900
v -0.672604 5.864312 -2.490290
v -0.641765 5.864312 -2.436877
v -0.665939 5.888401 -2.498900
v -0.631824 5.888401 -2.439810
v -0.412559 6.004215 -2.630067
v -0.691582 5.862560 -2.468973
v -0.420868 6.026035 -2.625270
v -0.699890 5.884380 -2.464176
v -0.404600 6.026035 -2.597093
v -0.683622 5.884380 -2.436000
v -0.396292 6.004215 -2.601890
v -0.675314 5.862560 -2.440796
v -0.263473 5.684855 -2.726118
v -0.316402 5.684855 -2.726118
v -0.342867 5.684855 -2.680280
v -0.316402 5.684855 -2.634442
v -0.263473 5.684855 -2.634442
v -0.237008 5.684855 -2.680280
v -0.263473 5.738043 -2.726118
v -0.316402 5.738043 -2.726118
v -0.342867 5.738043 -2.680280
v -0.316402 5.738043 -2.634442
v -0.263473 5.738043 -2.634442
v -0.237008 5.738043 -2.680280
vt 0.889852 0.000017
vt 0.981569 0.064681
vt 0.897900 0.013454
vt 0.972129 0.060123
vt 0.885088 0.018910
vt 0.887107 0.019066
vt 0.893000 0.019065
vt 0.983868 0.049714
vt 0.900330 0.009094
vt 0.899558 0.007228
vt 0.896707 0.002188
vt 0.987013 0.065107
vt 0.884159 0.000770
vt 0.883049 0.002391
vt 0.880123 0.007403
vt 0.883585 0.017064
vt 0.974404 0.058466
vt 0.884060 0.012420
vt 0.886714 0.015660
vt 0.895851 0.012243
vt 0.893270 0.015538
vt 0.899628 0.011234
vt 0.984244 0.052388
vt 0.896805 0.009241
vt 0.889803 0.002315
vt 0.893454 0.003634
vt 0.886238 0.000163
vt 0.984588 0.063960
vt 0.886220 0.003710
vt 0.883030 0.009418
vt 0.879467 0.009354
vt 0.989876 0.060171
vt 0.880215 0.011522
vt 0.987756 0.058500
vt 0.978162 0.049702
vt 0.977932 0.052375
vt 0.893324 0.000079
vt 0.974972 0.065070
vt 0.977549 0.063939
vt 0.896503 0.016863
vt 0.881995 0.013638
vt 0.987392 0.054644
vt 0.975788 0.054620
vt 0.988990 0.066513
vt 0.992157 0.061053
vt 0.895458 0.000623
vt 0.895028 0.018760
vt 0.984255 0.047299
vt 0.977942 0.047286
vt 0.969926 0.061039
vt 0.973071 0.066512
vt 0.441018 0.890623
vt 0.640402 0.890630
vt 0.640402 0.894550
vt 0.441018 0.894543
vt 0.640402 0.898346
vt 0.441017 0.898340
vt 0.640402 0.902266
vt 0.441017 0.902259
vt 0.640402 0.906063
vt 0.441017 0.906056
vt 0.644199 0.890630
vt 0.644199 0.894550
vt 0.437221 0.890623
vt 0.437221 0.894543
vt 0.069129 0.866770
vt 0.268514 0.866734
vt 0.268515 0.870653
vt 0.069129 0.870690
vt 0.268515 0.874450
vt 0.069130 0.874486
vt 0.268516 0.878369
vt 0.069131 0.878406
vt 0.268517 0.882166
vt 0.069132 0.882203
vt 0.272311 0.866733
vt 0.272312 0.870652
vt 0.065332 0.866771
vt 0.065333 0.870690
vt 0.792804 0.867398
vt 0.992190 0.867361
vt 0.992190 0.871280
vt 0.792805 0.871317
vt 0.992191 0.875077
vt 0.792806 0.875114
vt 0.992192 0.878997
vt 0.792806 0.879033
vt 0.992192 0.882793
vt 0.792807 0.882830
vt 0.995986 0.867360
vt 0.995987 0.871280
vt 0.789007 0.867398
vt 0.789008 0.871318
vt 0.069129 0.851337
vt 0.268514 0.851300
vt 0.268514 0.855220
vt 0.069129 0.855256
vt 0.268515 0.859016
vt 0.069130 0.859053
vt 0.268516 0.862936
vt 0.069131 0.862972
vt 0.268516 0.866733
vt 0.069132 0.866769
vt 0.272310 0.851300
vt 0.272311 0.855219
vt 0.065332 0.851337
vt 0.065333 0.855257
vt 0.069129 0.882203
vt 0.268514 0.882167
vt 0.268515 0.886086
vt 0.069129 0.886123
vt 0.268515 0.889883
vt 0.069130 0.889920
vt 0.268516 0.893802
vt 0.069131 0.893839
vt 0.268517 0.897599
vt 0.069131 0.897636
vt 0.272311 0.882166
vt 0.272311 0.886086
vt 0.065332 0.882204
vt 0.065333 0.886123
vt 0.707371 0.882827
vt 0.906756 0.882834
vt 0.906756 0.886753
vt 0.707370 0.886747
vt 0.906756 0.890550
vt 0.707370 0.890543
vt 0.906756 0.894470
vt 0.707370 0.894463
vt 0.906755 0.898266
vt 0.707370 0.898260
vt 0.910553 0.882834
vt 0.910553 0.886753
vt 0.703574 0.882827
vt 0.703574 0.886746
vt 0.415890 0.836208
vt 0.615275 0.836172
vt 0.615276 0.840091
vt 0.415891 0.840127
vt 0.615277 0.843888
vt 0.415891 0.843924
vt 0.615277 0.847807
vt 0.415892 0.847844
vt 0.615278 0.851604
vt 0.415893 0.851640
vt 0.619072 0.836171
vt 0.619073 0.840090
vt 0.412093 0.836209
vt 0.412094 0.840128
vt 0.858137 0.722461
vt 0.959100 0.722476
vt 0.959100 0.726395
vt 0.858136 0.726380
vt 0.959099 0.730192
vt 0.858136 0.730177
vt 0.959098 0.734111
vt 0.858135 0.734096
vt 0.959098 0.737908
vt 0.858134 0.737893
vt 0.962897 0.722476
vt 0.962896 0.726396
vt 0.854340 0.722460
vt 0.854339 0.726380
vt 0.561631 0.289606
vt 0.662594 0.289621
vt 0.662594 0.293540
vt 0.561630 0.293526
vt 0.662593 0.297337
vt 0.561630 0.297323
vt 0.662593 0.301257
vt 0.561629 0.301242
vt 0.662592 0.305053
vt 0.561628 0.305039
vt 0.666391 0.289622
vt 0.666391 0.293541
vt 0.557834 0.289606
vt 0.557833 0.293525
vt 0.621937 0.716697
vt 0.722900 0.716712
vt 0.722900 0.720631
vt 0.621936 0.720617
vt 0.722899 0.724428
vt 0.621936 0.724414
vt 0.722899 0.728348
vt 0.621935 0.728333
vt 0.722898 0.732145
vt 0.621935 0.732130
vt 0.726697 0.716713
vt 0.726697 0.720632
vt 0.618140 0.716697
vt 0.618140 0.720616
vt 0.536503 0.756209
vt 0.746368 0.756185
vt 0.746368 0.760105
vt 0.536503 0.760128
vt 0.746369 0.763901
vt 0.536503 0.763925
vt 0.746369 0.767821
vt 0.536504 0.767845
vt 0.746369 0.771618
vt 0.536504 0.771641
vt 0.750165 0.756185
vt 0.750165 0.760104
vt 0.532706 0.756209
vt 0.532706 0.760129
vt 0.399336 0.120555
vt 0.394440 0.120554
vt 0.394440 0.115633
vt 0.399337 0.115634
vt 0.423820 0.120558
vt 0.418923 0.120557
vt 0.418924 0.115636
vt 0.423820 0.115637
vt 0.414026 0.120556
vt 0.414027 0.115636
vt 0.409130 0.120556
vt 0.409130 0.115635
vt 0.404233 0.120555
vt 0.404234 0.115635
vt 0.394439 0.129035
vt 0.391991 0.124794
vt 0.401784 0.124795
vt 0.399335 0.129036
vt 0.391993 0.111392
vt 0.401786 0.111394
vt 0.394441 0.107152
vt 0.399338 0.107153
vt 0.434515 0.120559
vt 0.429618 0.120558
vt 0.429619 0.115637
vt 0.434516 0.115638
vt 0.458998 0.120562
vt 0.454102 0.120561
vt 0.454102 0.115640
vt 0.458999 0.115641
vt 0.449205 0.120560
vt 0.449206 0.115640
vt 0.444308 0.120560
vt 0.444309 0.115639
vt 0.439412 0.120559
vt 0.439412 0.115639
vt 0.429617 0.129039
vt 0.427170 0.124798
vt 0.436963 0.124799
vt 0.434514 0.129040
vt 0.427171 0.111396
vt 0.436965 0.111398
vt 0.429620 0.107156
vt 0.434517 0.107157
vt 0.455307 0.129043
vt 0.487868 0.129045
vt 0.487868 0.131250
vt 0.455307 0.131249
vt 0.487867 0.134260
vt 0.455307 0.134259
vt 0.487867 0.136465
vt 0.455307 0.136464
vt 0.487867 0.139475
vt 0.455307 0.139474
vt 0.490878 0.129045
vt 0.490878 0.131250
vt 0.452297 0.129043
vt 0.452297 0.131248
vt 0.736737 0.222726
vt 0.769297 0.222727
vt 0.769297 0.224932
vt 0.736737 0.224931
vt 0.769297 0.227942
vt 0.736737 0.227941
vt 0.769297 0.230148
vt 0.736737 0.230146
vt 0.769297 0.233158
vt 0.736736 0.233156
vt 0.772307 0.222727
vt 0.772307 0.224933
vt 0.733727 0.222726
vt 0.733727 0.224931
vt 0.987392 0.072420
vt 0.981569 0.082456
vt 0.975789 0.072396
vt 0.972129 0.077899
vt 0.974972 0.082846
vt 0.973071 0.084288
vt 0.969926 0.078815
vt 0.983868 0.067490
vt 0.978162 0.067478
vt 0.977942 0.065062
vt 0.984255 0.065075
vt 0.987013 0.082882
vt 0.989876 0.077947
vt 0.992157 0.078829
vt 0.988990 0.084289
vt 0.977549 0.081715
vt 0.974404 0.076242
vt 0.972454 0.097512
vt 0.974519 0.096294
vt 0.977173 0.099534
vt 0.974044 0.100938
vt 0.986310 0.096117
vt 0.983730 0.099412
vt 0.988360 0.097328
vt 0.986962 0.100737
vt 0.977932 0.070150
vt 0.984244 0.070164
vt 0.987265 0.093115
vt 0.990087 0.095108
vt 0.980263 0.086189
vt 0.983914 0.087508
vt 0.980312 0.083891
vt 0.983784 0.083953
vt 0.987756 0.076276
vt 0.984588 0.081736
vt 0.976679 0.087583
vt 0.976697 0.084037
vt 0.973490 0.093292
vt 0.970675 0.095396
vt 0.977567 0.102940
vt 0.975547 0.102783
vt 0.983460 0.102939
vt 0.985487 0.102634
vt 0.990018 0.091102
vt 0.990789 0.092968
vt 0.987167 0.086062
vt 0.985917 0.084497
vt 0.973508 0.086265
vt 0.974618 0.084644
vt 0.970583 0.091277
vt 0.969926 0.093228
vt 0.721660 0.233156
vt 0.754220 0.233157
vt 0.754220 0.235362
vt 0.721660 0.235361
vt 0.754220 0.238372
vt 0.721660 0.238371
vt 0.754220 0.240577
vt 0.721660 0.240576
vt 0.754220 0.243587
vt 0.721660 0.243586
vt 0.757230 0.233157
vt 0.757230 0.235362
vt 0.718650 0.233156
vt 0.718650 0.235361
vt 0.469694 0.120563
vt 0.464797 0.120562
vt 0.464798 0.115641
vt 0.469694 0.115642
vt 0.494177 0.120566
vt 0.489280 0.120565
vt 0.489281 0.115644
vt 0.494178 0.115645
vt 0.484384 0.120564
vt 0.484384 0.115644
vt 0.479487 0.120564
vt 0.479488 0.115643
vt 0.474590 0.120563
vt 0.474591 0.115643
vt 0.464796 0.129043
vt 0.462348 0.124802
vt 0.472142 0.124804
vt 0.469693 0.129044
vt 0.462350 0.111401
vt 0.472143 0.111402
vt 0.464799 0.107160
vt 0.469695 0.107161
vn 0.000000 0.999617 0.027684
vn 0.026549 0.999495 -0.017452
vn -0.026549 0.999495 -0.017454
vn 0.000000 0.714486 0.699650
vn 0.000000 0.714486 0.699650
vn 0.000000 0.336562 0.941661
vn 0.000000 0.336562 0.941661
vn 0.605410 0.715056 -0.349534
vn 0.605003 0.715516 -0.349298
vn 0.798942 0.385905 -0.461270
vn 0.798942 0.385905 -0.461270
vn -0.605003 0.715515 -0.349299
vn -0.605410 0.715055 -0.349534
vn -0.798942 0.385905 -0.461269
vn -0.798942 0.385905 -0.461269
vn 0.000000 0.999968 0.007990
vn 0.000000 0.999968 0.007990
vn -0.867081 0.000000 0.498168
vn -0.867081 0.000000 0.498167
vn -0.759325 0.000000 0.650711
vn -0.759325 0.000000 0.650711
vn 0.000000 -0.990574 -0.136975
vn 0.000000 -0.990574 -0.136975
vn 0.000000 -0.995958 -0.089823
vn 0.000000 -0.995958 -0.089823
vn 0.867081 0.000000 0.498167
vn 0.867081 0.000000 0.498167
vn 0.759325 0.000000 0.650711
vn 0.759325 0.000000 0.650711
vn 0.007940 0.999958 -0.004586
vn -0.005829 0.999977 0.003364
vn 0.961610 0.000000 0.274419
vn 0.961610 0.000000 0.274419
vn -0.164332 -0.981832 0.094873
vn -0.164332 -0.981832 0.094873
vn -0.099429 -0.993388 0.057403
vn -0.096299 -0.993799 0.055596
vn -0.000000 0.000000 -1.000000
vn -0.000000 0.000000 -1.000000
vn 0.422354 0.000000 -0.906431
vn 0.422355 0.000000 -0.906431
vn 0.005830 0.999977 0.003368
vn -0.007940 0.999958 -0.004582
vn -0.422352 0.000000 -0.906432
vn -0.422352 0.000000 -0.906432
vn 0.164332 -0.981832 0.094875
vn 0.164332 -0.981832 0.094875
vn 0.096298 -0.993798 0.055597
vn 0.099429 -0.993387 0.057404
vn -0.961610 0.000000 0.274421
vn -0.961610 0.000000 0.274421
vn -0.996051 0.063595 0.061957
vn -0.996051 0.063595 0.061957
vn -0.996051 0.063595 0.061957
vn -0.996051 0.063595 0.061957
vn 0.000000 -1.000000 0.000000
vn 0.000000 -1.000000 0.000000
vn 0.996051 0.063595 0.061958
vn 0.996051 0.063595 0.061958
vn 0.996051 0.063595 0.061958
vn 0.996051 0.063595 0.061958
vn 0.539846 0.048590 0.840360
vn 0.539846 0.048590 0.840360
vn 0.539846 0.048590 0.840360
vn 0.539846 0.048590 0.840360
vn 0.000000 -1.000000 0.000000
vn 0.000000 -1.000000 0.000000
vn -0.427432 0.082103 -0.900312
vn -0.427432 0.082103 -0.900312
vn -0.427432 0.082103 -0.900312
vn -0.427432 0.082103 -0.900312
vn 0.427432 0.082103 -0.900312
vn 0.427432 0.082103 -0.900312
vn 0.427432 0.082103 -0.900312
vn 0.427432 0.082103 -0.900312
vn 0.000000 -1.000000 0.000000
vn 0.000000 -1.000000 0.000000
vn -0.539846 0.048590 0.840360
vn -0.539846 0.048590 0.840360
vn -0.539846 0.048590 0.840360
vn -0.539846 0.048590 0.840360
vn 0.000000 -1.000000 0.000000
vn 0.000000 -1.000000 0.000000
vn 0.000000 -1.000000 0.000000
vn -0.013676 -0.913010 0.407707
vn 0.013676 -0.913010 0.407707
vn 0.013676 0.378522 0.925491
vn -0.013676 0.378522 0.925491
vn 0.013676 0.913010 -0.407707
vn -0.013676 0.913010 -0.407707
vn 0.013676 -0.378522 -0.925491
vn -0.013676 -0.378522 -0.925491
vn -0.013676 -0.913012 0.407703
vn 0.013676 -0.913012 0.407703
vn 0.013676 0.378522 0.925491
vn -0.013676 0.378522 0.925491
vn 0.013676 0.913012 -0.407703
vn -0.013676 0.913012 -0.407703
vn 0.013676 -0.378522 -0.925491
vn -0.013676 -0.378522 -0.925491
vn -0.013676 -0.913014 0.407699
vn 0.013676 -0.913014 0.407699
vn 0.013676 0.378521 0.925492
vn -0.013676 0.378521 0.925492
vn 0.013676 0.913014 -0.407699
vn -0.013676 0.913014 -0.407699
vn 0.013676 -0.378521 -0.925492
vn -0.013676 -0.378521 -0.925492
vn -0.013676 -0.913012 0.407703
vn 0.013676 -0.913012 0.407703
vn 0.013676 0.378522 0.925491
vn -0.013676 0.378522 0.925491
vn 0.013676 0.913012 -0.407703
vn -0.013676 0.913012 -0.407703
vn 0.013676 -0.378522 -0.925491
vn -0.013676 -0.378522 -0.925491
vn 0.718174 -0.650855 -0.246199
vn 0.718174 -0.640677 -0.271587
vn 0.718173 0.650856 0.246199
vn 0.718173 0.640677 0.271587
vn -0.718173 0.650856 0.246199
vn -0.718173 0.640677 0.271587
vn -0.718174 -0.640677 -0.271587
vn -0.718174 -0.650855 -0.246199
vn -0.013676 -0.913012 0.407703
vn 0.013676 -0.913012 0.407703
vn 0.013676 0.378519 0.925493
vn -0.013676 0.378519 0.925493
vn 0.013676 0.913012 -0.407703
vn -0.013676 0.913012 -0.407703
vn 0.013676 -0.378519 -0.925492
vn -0.013676 -0.378519 -0.925492
vn -0.013676 -0.913011 0.407707
vn 0.013676 -0.913011 0.407707
vn 0.013676 0.378521 0.925492
vn -0.013676 0.378521 0.925492
vn 0.013676 0.913011 -0.407707
vn -0.013676 0.913011 -0.407707
vn 0.013676 -0.378521 -0.925492
vn -0.013676 -0.378521 -0.925492
vn 0.717979 -0.312491 -0.621977
vn 0.717978 -0.263334 -0.644331
vn 0.717979 0.312491 0.621977
vn 0.717978 0.263334 0.644331
vn -0.717979 0.312491 0.621977
vn -0.717978 0.263334 0.644331
vn -0.717978 -0.263334 -0.644331
vn -0.717979 -0.312491 -0.621977
vn -0.897637 -0.312491 -0.310799
vn -0.916995 -0.263333 -0.299625
vn 0.179661 0.312491 -0.932776
vn 0.199018 0.263333 -0.943953
vn 0.897638 0.312491 0.310798
vn 0.916996 0.263333 0.299624
vn -0.199016 -0.263333 0.943954
vn -0.179659 -0.312491 0.932777
vn 0.179660 -0.312491 0.932776
vn 0.199017 -0.263333 0.943953
vn -0.897638 0.312492 0.310798
vn -0.916996 0.263334 0.299624
vn -0.179659 0.312491 -0.932776
vn -0.199016 0.263333 -0.943954
vn 0.916995 -0.263333 -0.299625
vn 0.897637 -0.312491 -0.310800
vn 0.718182 -0.012993 -0.695734
vn 0.718182 0.012993 -0.695734
vn 0.718182 0.012993 0.695734
vn 0.718182 -0.012993 0.695734
vn -0.718182 0.012993 0.695734
vn -0.718182 -0.012993 0.695734
vn -0.718182 0.012993 -0.695734
vn -0.718182 -0.012993 -0.695734
vn 0.499999 0.000000 -0.866026
vn -0.499999 0.000000 -0.866026
vn -0.499999 0.000000 -0.866026
vn 0.499999 0.000000 -0.866026
vn -1.000000 0.000000 -0.000001
vn -1.000000 0.000000 -0.000001
vn -0.500000 0.000000 0.866025
vn -0.500000 0.000000 0.866025
vn 0.500000 0.000000 0.866026
vn 0.500000 0.000000 0.866026
vn 1.000000 0.000000 0.000001
vn 1.000000 0.000000 0.000001
vn 0.000000 -1.000000 -0.000003
vn 0.000000 -1.000000 -0.000003
vn 0.000000 -1.000000 -0.000003
vn 0.000000 -1.000000 -0.000003
vn 0.000000 -1.000000 0.000000
vn 0.000000 -1.000000 0.000000
vn 0.000000 -1.000000 0.000000
vn 0.000000 -1.000000 0.000000
vn 0.000000 1.000000 0.000000
vn 0.000000 1.000000 0.000000
vn 0.000000 1.000000 0.000000
vn 0.000000 1.000000 0.000000
vn 0.000000 1.000000 0.000000
vn 0.000000 1.000000 0.000000
vn 0.000000 1.000000 0.000000
vn 0.000000 1.000000 0.000000
vn 0.499999 0.000000 -0.866026
vn -0.499999 0.000000 -0.866026
vn -0.499999 0.000000 -0.866026
vn 0.499999 0.000000 -0.866026
vn -1.000000 0.000000 0.000000
vn -1.000000 0.000000 0.000000
vn -0.500000 0.000000 0.866025
vn -0.500000 0.000000 0.866025
vn 0.499999 0.000000 0.866026
vn 0.499999 0.000000 0.866026
vn 1.000000 0.000000 0.000000
vn 1.000000 0.000000 0.000000
vn 0.000000 -1.000000 -0.000003
vn 0.000000 -1.000000 -0.000003
vn 0.000000 -1.000000 -0.000003
vn 0.000000 -1.000000 -0.000003
vn 0.000000 -1.000000 0.000005
vn 0.000000 -1.000000 0.000005
vn 0.000000 -1.000000 0.000005
vn 0.000000 -1.000000 0.000005
vn 0.000000 1.000000 0.000003
vn 0.000000 1.000000 0.000003
vn 0.000000 1.000000 0.000003
vn 0.000000 1.000000 0.000003
vn 0.000000 1.000000 0.000000
vn 0.000000 1.000000 0.000000
vn 0.000000 1.000000 0.000000
vn 0.000000 1.000000 0.000000
vn -0.619057 -0.715405 0.323981
vn -0.532563 -0.759316 0.373920
vn 0.028955 0.715405 0.698110
vn -0.057540 0.759316 0.648173
vn 0.619057 0.715406 -0.323980
vn 0.532563 0.759316 -0.373919
vn 0.057540 -0.759316 -0.648173
vn -0.028955 -0.715405 -0.698109
vn 0.590103 -0.715406 0.374130
vn 0.590105 -0.759316 0.274255
vn 0.590103 0.715406 -0.374130
vn 0.590104 0.759316 -0.274255
vn -0.590103 0.715406 -0.374130
vn -0.590104 0.759316 -0.274255
vn -0.590104 -0.759316 0.274255
vn -0.590103 -0.715406 0.374130
vn -0.000000 -0.999617 0.027684
vn -0.026552 -0.999495 -0.017456
vn 0.026552 -0.999495 -0.017456
vn 0.000000 -0.714488 0.699647
vn 0.000000 -0.714489 0.699647
vn 0.000000 -0.336561 0.941662
vn 0.000000 -0.336561 0.941662
vn -0.605410 -0.715055 -0.349534
vn -0.605003 -0.715515 -0.349299
vn -0.798943 -0.385905 -0.461267
vn -0.798943 -0.385905 -0.461267
vn 0.605003 -0.715515 -0.349299
vn 0.605411 -0.715055 -0.349534
vn 0.798942 -0.385904 -0.461270
vn 0.798942 -0.385904 -0.461270
vn 0.000000 -0.999968 0.007982
vn 0.000000 -0.999968 0.007981
vn 0.867081 0.000000 0.498167
vn 0.867081 0.000000 0.498167
vn 0.759326 0.000000 0.650710
vn 0.759326 0.000000 0.650710
vn -0.026551 0.999495 -0.017454
vn 0.026551 0.999495 -0.017454
vn 0.000000 0.995958 -0.089823
vn 0.000000 0.995958 -0.089823
vn -0.867081 0.000000 0.498167
vn -0.867081 0.000000 0.498167
vn -0.759325 0.000000 0.650712
vn -0.759325 0.000000 0.650712
vn -0.007931 -0.999958 -0.004578
vn 0.005839 -0.999977 0.003372
vn -0.961611 0.000000 0.274417
vn -0.961611 0.000000 0.274417
vn -0.000000 0.999617 0.027685
vn 0.099423 0.993388 0.057402
vn 0.096293 0.993799 0.055595
vn -0.000000 0.000000 -1.000000
vn -0.000000 0.000000 -1.000000
vn -0.422354 0.000000 -0.906431
vn -0.422355 0.000000 -0.906431
vn -0.005840 -0.999977 0.003372
vn 0.007931 -0.999958 -0.004578
vn 0.422354 0.000000 -0.906431
vn 0.422354 0.000000 -0.906431
vn -0.096293 0.993799 0.055593
vn -0.099423 0.993388 0.057400
vn 0.961609 0.000000 0.274422
vn 0.961609 0.000000 0.274422
vn 0.996051 -0.063595 0.061957
vn 0.996051 -0.063595 0.061957
vn 0.996051 -0.063595 0.061957
vn 0.996051 -0.063595 0.061957
vn 0.000000 1.000000 0.000000
vn 0.000000 1.000000 0.000000
vn -0.996051 -0.063595 0.061958
vn -0.996051 -0.063595 0.061958
vn -0.996051 -0.063595 0.061958
vn -0.996051 -0.063595 0.061958
vn -0.539846 -0.048591 0.840360
vn -0.539846 -0.048591 0.840360
vn -0.539846 -0.048591 0.840360
vn -0.539846 -0.048591 0.840360
vn 0.000000 1.000000 0.000000
vn 0.000000 1.000000 0.000000
vn 0.427432 -0.082103 -0.900312
vn 0.427432 -0.082103 -0.900312
vn 0.427432 -0.082103 -0.900312
vn 0.427432 -0.082103 -0.900312
vn -0.427431 -0.082103 -0.900312
vn -0.427431 -0.082103 -0.900312
vn -0.427431 -0.082103 -0.900312
vn -0.427431 -0.082103 -0.900312
vn 0.000000 1.000000 -0.000002
vn 0.000000 1.000000 -0.000002
vn 0.539843 -0.048590 0.840362
vn 0.539843 -0.048590 0.840362
vn 0.539843 -0.048590 0.840362
vn 0.539843 -0.048590 0.840362
vn 0.028954 -0.715405 -0.698110
vn -0.057541 -0.759316 -0.648173
vn -0.619057 0.715405 -0.323980
vn -0.532563 0.759316 -0.373919
vn -0.028955 0.715405 0.698110
vn 0.057540 0.759316 0.648173
vn 0.532563 -0.759316 0.373920
vn 0.619057 -0.715405 0.323981
vn 0.499999 0.000000 -0.866026
vn -0.499999 0.000000 -0.866026
vn -0.499999 0.000000 -0.866026
vn 0.499999 0.000000 -0.866026
vn -1.000000 0.000000 0.000000
vn -1.000000 0.000000 0.000000
vn -0.500000 0.000000 0.866025
vn -0.500000 0.000000 0.866025
vn 0.499999 0.000000 0.866026
vn 0.499999 0.000000 0.866026
vn 1.000000 0.000000 0.000000
vn 1.000000 0.000000 0.000000
vn 0.000000 -1.000000 -0.000003
vn 0.000000 -1.000000 -0.000003
vn 0.000000 -1.000000 -0.000003
vn 0.000000 -1.000000 -0.000003
vn 0.000000 -1.000000 0.000005
vn 0.000000 -1.000000 0.000005
vn 0.000000 -1.000000 0.000005
vn 0.000000 -1.000000 0.000005
vn 0.000000 1.000000 0.000003
vn 0.000000 1.000000 0.000003
vn 0.000000 1.000000 0.000003
vn 0.000000 1.000000 0.000003
vn 0.000000 1.000000 0.000000
vn 0.000000 1.000000 0.000000
vn 0.000000 1.000000 0.000000
vn 0.000000 1.000000 0.000000
s 1
f 253/366/317 255/326/318 254/367/319
f 271/328/320 272/362/321 273/375/322 274/374/323
f 275/332/324 276/359/325 277/373/326 278/372/327
f 280/336/328 279/356/329 281/369/330 282/368/331
f 254/367/319 255/326/318 260/363/332 259/341/333
s 5
f 255/365/334 257/342/335 261/343/336 260/340/337
s 6
f 257/342/338 256/344/339 262/345/340 261/343/341
s 7
f 256/344/342 254/327/343 259/364/344 262/345/345
s 1
f 253/366/317 254/367/319 264/360/346 263/347/347
s 7
f 254/327/343 256/344/342 265/348/348 264/346/349
s 8
f 256/344/350 258/349/351 266/350/352 265/348/353
s 9
f 258/349/354 253/325/355 263/361/356 266/350/357
s 1
f 255/326/318 253/366/317 267/358/358 268/352/359
s 9
f 253/325/355 258/349/354 269/353/360 267/351/361
s 10
f 258/349/362 257/342/363 270/354/364 269/353/365
s 5
f 257/342/335 255/365/334 268/357/366 270/354/367
s 1
f 259/341/333 260/363/332 272/362/321 271/328/320
s off
f 260/340/368 261/343/369 273/330/370 272/329/371
s 6
f 261/343/341 262/345/340 274/331/372 273/330/373
s off
f 262/345/374 259/364/375 271/371/376 274/331/377
s 1
f 263/347/347 264/360/346 276/359/325 275/332/324
s off
f 264/346/378 265/348/379 277/334/380 276/333/381
s 8
f 265/348/353 266/350/352 278/335/382 277/334/383
s off
f 266/350/384 263/361/385 275/370/386 278/335/387
s 1
f 268/352/359 267/358/358 279/356/329 280/336/328
s off
f 267/351/388 269/353/389 281/338/390 279/337/391
s 10
f 269/353/365 270/354/364 282/339/392 281/338/393
s off
f 270/354/394 268/357/395 280/355/396 282/339/397
f 257/342/398 258/349/399 256/344/400
s 11
f 283/376/401 284/377/402 286/378/403 285/379/404
f 285/379/404 286/378/403 288/380/405 287/381/406
f 287/381/406 288/380/405 290/382/407 289/383/408
f 289/383/408 290/382/407 284/384/402 283/385/401
f 284/377/402 290/386/407 288/387/405 286/378/403
f 289/388/408 283/376/401 285/379/404 287/389/406
s 12
f 291/390/409 292/391/410 294/392/411 293/393/412
f 293/393/412 294/392/411 296/394/413 295/395/414
f 295/395/414 296/394/413 298/396/415 297/397/416
f 297/397/416 298/396/415 292/398/410 291/399/409
f 292/391/410 298/400/415 296/401/413 294/392/411
f 297/402/416 291/390/409 293/393/412 295/403/414
s 13
f 299/404/417 300/405/418 302/406/419 301/407/420
f 301/407/420 302/406/419 304/408/421 303/409/422
f 303/409/422 304/408/421 306/410/423 305/411/424
f 305/411/424 306/410/423 300/412/418 299/413/417
f 300/405/418 306/414/423 304/415/421 302/406/419
f 305/416/424 299/404/417 301/407/420 303/417/422
s 14
f 307/418/425 308/419/426 310/420/427 309/421/428
f 309/421/428 310/420/427 312/422/429 311/423/430
f 311/423/430 312/422/429 314/424/431 313/425/432
f 313/425/432 314/424/431 308/426/426 307/427/425
f 308/419/426 314/428/431 312/429/429 310/420/427
f 313/430/432 307/418/425 309/421/428 311/431/430
s 15
f 315/432/433 316/433/434 318/434/435 317/435/436
f 317/435/436 318/434/435 320/436/437 319/437/438
f 319/437/438 320/436/437 322/438/439 321/439/440
f 321/439/440 322/438/439 316/440/434 315/441/433
f 316/433/434 322/442/439 320/443/437 318/434/435
f 321/444/440 315/432/433 317/435/436 319/445/438
s 16
f 323/446/441 324/447/442 326/448/443 325/449/444
f 325/449/444 326/448/443 328/450/445 327/451/446
f 327/451/446 328/450/445 330/452/447 329/453/448
f 329/453/448 330/452/447 324/454/442 323/455/441
f 324/447/442 330/456/447 328/457/445 326/448/443
f 329/458/448 323/446/441 325/449/444 327/459/446
s 17
f 331/460/449 332/461/450 334/462/451 333/463/452
f 333/463/452 334/462/451 336/464/453 335/465/454
f 335/465/454 336/464/453 338/466/455 337/467/456
f 337/467/456 338/466/455 332/468/450 331/469/449
f 332/461/450 338/470/455 336/471/453 334/462/451
f 337/472/456 331/460/449 333/463/452 335/473/454
s 18
f 339/474/457 340/475/458 342/476/459 341/477/460
f 341/477/460 342/476/459 344/478/461 343/479/462
f 343/479/462 344/478/461 346/480/463 345/481/464
f 345/481/464 346/480/463 340/482/458 339/483/457
f 340/475/458 346/484/463 344/485/461 342/476/459
f 345/486/464 339/474/457 341/477/460 343/487/462
s 19
f 347/488/465 348/489/466 350/490/467 349/491/468
f 349/491/468 350/490/467 352/492/469 351/493/470
f 351/493/470 352/492/469 354/494/471 353/495/472
f 353/495/472 354/494/471 348/496/466 347/497/465
f 348/489/466 354/498/471 352/499/469 350/490/467
f 353/500/472 347/488/465 349/491/468 351/501/470
s 20
f 355/502/473 356/503/474 358/504/475 357/505/476
f 357/505/476 358/504/475 360/506/477 359/507/478
f 359/507/478 360/506/477 362/508/479 361/509/480
f 361/509/480 362/508/479 356/510/474 355/511/473
f 356/503/474 362/512/479 360/513/477 358/504/475
f 361/514/480 355/502/473 357/505/476 359/515/478
s 21
f 363/516/481 364/517/482 366/518/483 365/519/484
f 365/519/484 366/518/483 368/520/485 367/521/486
f 367/521/486 368/520/485 370/522/487 369/523/488
f 369/523/488 370/522/487 364/524/482 363/525/481
f 364/517/482 370/526/487 368/527/485 366/518/483
f 369/528/488 363/516/481 365/519/484 367/529/486
s 22
f 371/530/489 372/531/490 378/532/491 377/533/492
f 372/534/490 373/535/493 379/536/494 378/537/491
f 373/535/493 374/538/495 380/539/496 379/536/494
f 374/538/495 375/540/497 381/541/498 380/539/496
f 375/540/497 376/542/499 382/543/500 381/541/498
f 376/542/499 371/530/489 377/533/492 382/543/500
s off
f 374/544/501 373/545/502 376/546/503 375/547/504
f 373/545/505 372/531/506 371/530/507 376/546/508
f 378/532/509 379/548/510 382/549/511 377/533/512
f 379/548/513 380/550/514 381/551/515 382/549/516
s 23
f 383/552/517 384/553/518 390/554/519 389/555/520
f 384/556/518 385/557/521 391/558/522 390/559/519
f 385/557/521 386/560/523 392/561/524 391/558/522
f 386/560/523 387/562/525 393/563/526 392/561/524
f 387/562/525 388/564/527 394/565/528 393/563/526
f 388/564/527 383/552/517 389/555/520 394/565/528
s off
f 386/566/529 385/567/530 388/568/531 387/569/532
f 385/567/533 384/553/534 383/552/535 388/568/536
f 390/554/537 391/570/538 394/571/539 389/555/540
f 391/570/541 392/572/542 393/573/543 394/571/544
s 24
f 395/574/545 396/575/546 398/576/547 397/577/548
f 397/577/548 398/576/547 400/578/549 399/579/550
f 399/579/550 400/578/549 402/580/551 401/581/552
f 401/581/552 402/580/551 396/582/546 395/583/545
f 396/575/546 402/584/551 400/585/549 398/576/547
f 401/586/552 395/574/545 397/577/548 399/587/550
s 25
f 403/588/553 404/589/554 406/590/555 405/591/556
f 405/591/556 406/590/555 408/592/557 407/593/558
f 407/593/558 408/592/557 410/594/559 409/595/560
f 409/595/560 410/594/559 404/596/554 403/597/553
f 404/589/554 410/598/559 408/599/557 406/590/555
f 409/600/560 403/588/553 405/591/556 407/601/558
s 26
f 411/602/561 413/603/562 412/604/563
f 429/605/564 430/606/565 431/607/566 432/608/567
f 433/609/568 434/610/569 435/611/570 436/612/571
f 438/613/572 437/614/573 439/615/574 440/616/575
f 412/604/563 413/603/562 418/617/576 417/618/577
s 30
f 413/619/578 415/620/579 419/621/580 418/622/581
s 31
f 415/620/582 414/623/583 420/624/584 419/621/585
s 32
f 414/623/586 412/625/587 417/626/588 420/624/589
s 26
f 411/602/561 412/604/563 422/627/590 421/628/591
s 32
f 412/625/587 414/623/586 423/629/592 422/630/593
s 31
f 414/623/583 416/631/594 424/632/595 423/629/596
s 33
f 416/631/597 411/633/598 421/634/599 424/632/600
s 26
f 413/603/562 411/602/561 425/635/601 426/636/602
s 33
f 411/633/598 416/631/597 427/637/603 425/638/604
s 31
f 416/631/594 415/620/582 428/639/605 427/637/606
s 30
f 415/620/579 413/619/578 426/640/607 428/639/608
s 26
f 417/618/577 418/617/576 430/606/565 429/605/564
s off
f 418/622/609 419/621/610 431/641/611 430/642/612
s 31
f 419/621/585 420/624/584 432/643/613 431/641/614
s off
f 420/624/615 417/626/616 429/644/617 432/643/618
s 26
f 421/628/591 422/627/590 434/610/569 433/609/568
s off
f 422/630/619 423/629/620 435/645/621 434/646/622
s 31
f 423/629/596 424/632/595 436/647/623 435/645/624
s off
f 424/632/625 421/634/626 433/648/627 436/647/628
s 26
f 426/636/602 425/635/601 437/614/573 438/613/572
s off
f 425/638/629 427/637/630 439/649/631 437/650/632
s 31
f 427/637/606 428/639/605 440/651/633 439/649/634
s off
f 428/639/635 426/640/636 438/652/637 440/651/638
s 31
f 415/620/582 416/631/594 414/623/583
s 34
f 441/653/639 442/654/640 444/655/641 443/656/642
f 443/656/642 444/655/641 446/657/643 445/658/644
f 445/658/644 446/657/643 448/659/645 447/660/646
f 447/660/646 448/659/645 442/661/640 441/662/639
f 442/654/640 448/663/645 446/664/643 444/655/641
f 447/665/646 441/653/639 443/656/642 445/666/644
s 35
f 449/667/647 450/668/648 456/669/649 455/670/650
f 450/671/648 451/672/651 457/673/652 456/674/649
f 451/672/651 452/675/653 458/676/654 457/673/652
f 452/675/653 453/677/655 459/678/656 458/676/654
f 453/677/655 454/679/657 460/680/658 459/678/656
f 454/679/657 449/667/647 455/670/650 460/680/658
s off
f 452/681/659 451/682/660 454/683/661 453/684/662
f 451/682/663 450/668/664 449/667/665 454/683/666
f 456/669/667 457/685/668 460/686/669 455/670/670
f 457/685/671 458/687/672 459/688/673 460/686/674
v -1.671553 -0.028222 3.020149
v -1.683701 -0.028222 3.070894
v 1.752622 4.135442 3.086941
v 1.740945 4.135442 3.137686
v 1.926683 4.135442 3.088357
v 1.914536 4.135441 3.139101
v -1.486039 -0.028223 3.021565
v -1.497570 -0.028223 3.072309
vt 0.854339 0.524065
vt 0.885707 0.524670
vt 0.872520 0.000011
vt 0.884049 0.025883
vt 0.866829 0.015076
vt 0.871612 0.015722
vt 0.867596 0.513165
vt 0.872371 0.513776
vt 0.869115 0.530261
vt 0.873896 0.530928
vt 0.890487 0.523999
vt 0.854390 0.025303
vt 0.888823 0.025240
vt 0.877288 0.000699
vn -0.758591 0.626761 -0.178076
vn -0.758591 0.626761 -0.178076
vn -0.758591 0.626761 -0.178076
vn -0.758591 0.626761 -0.178076
vn 0.000004 1.000000 0.000004
vn 0.000004 1.000000 0.000004
vn 0.000004 1.000000 0.000004
vn 0.000004 1.000000 0.000004
vn 0.759786 -0.625542 0.177264
vn 0.759786 -0.625542 0.177264
vn 0.759786 -0.625542 0.177264
vn 0.759786 -0.625542 0.177264
vn -0.000002 -1.000000 -0.000007
vn -0.000002 -1.000000 -0.000007
vn -0.000002 -1.000000 -0.000007
vn -0.000002 -1.000000 -0.000007
vn -0.007870 -0.009579 0.999923
vn -0.007870 -0.009579 0.999923
vn -0.007870 -0.009579 0.999923
vn -0.007870 -0.009579 0.999923
vn 0.007873 0.009577 -0.999923
vn 0.007873 0.009577 -0.999923
vn 0.007873 0.009577 -0.999923
vn 0.007873 0.009577 -0.999923
s off
f 461/699/675 462/690/676 464/692/677 463/701/678
f 463/691/679 464/702/680 466/694/681 465/693/682
f 465/693/683 466/694/684 468/696/685 467/695/686
f 467/695/687 468/696/688 462/698/689 461/697/690
f 462/690/691 468/696/692 466/694/693 464/692/694
f 467/695/695 461/689/696 463/700/697 465/693/698
v 0.892689 0.982875 3.083231
v 0.930623 1.014706 3.083231
v 0.823726 1.065061 3.132842
v 0.861661 1.096892 3.132841
v -0.944706 3.172596 -2.816842
v -0.906771 3.204427 -2.816842
v -0.875744 3.090410 -2.866452
v -0.837809 3.122241 -2.866452
vt 0.957765 0.775739
vt 0.957765 0.802191
vt 0.957765 0.791255
vt 0.957765 0.786674
vt 0.351343 0.791261
vt 0.346761 0.791261
vt 0.351343 0.802196
vt 0.351343 0.806777
vt 0.351342 0.786679
vt 0.346761 0.802196
vt 0.962347 0.802190
vt 0.962347 0.791255
vt 0.351342 0.775744
vt 0.957765 0.806772
vn 0.269784 -0.321517 0.907658
vn 0.269784 -0.321517 0.907658
vn 0.269784 -0.321517 0.907658
vn 0.269784 -0.321517 0.907658
vn -0.583429 0.695309 0.419710
vn -0.583429 0.695309 0.419710
vn -0.583429 0.695309 0.419710
vn -0.583429 0.695309 0.419710
vn -0.269784 0.321517 -0.907658
vn -0.269784 0.321517 -0.907658
vn -0.269784 0.321517 -0.907658
vn -0.269784 0.321517 -0.907658
vn 0.583432 -0.695306 -0.419710
vn 0.583432 -0.695306 -0.419710
vn 0.583432 -0.695306 -0.419710
vn 0.583432 -0.695306 -0.419710
vn 0.766045 0.642787 -0.000000
vn 0.766045 0.642787 -0.000000
vn 0.766045 0.642787 -0.000000
vn 0.766045 0.642787 -0.000000
vn -0.766045 -0.642787 0.000000
vn -0.766045 -0.642787 0.000000
vn -0.766045 -0.642787 0.000000
vn -0.766045 -0.642787 0.000000
s off
f 469/713/699 470/704/700 472/705/701 471/714/702
f 471/706/703 472/705/704 474/707/705 473/711/706
f 473/708/707 474/707/708 476/709/709 475/712/710
f 475/710/711 476/709/712 470/704/713 469/716/714
f 470/704/715 476/709/716 474/707/717 472/705/718
f 475/715/719 469/703/720 471/706/721 473/711/722
v -0.048037 5.251646 -0.630674
v -0.087216 5.251646 -0.630674
v -0.106805 5.285575 -0.630674
v -0.087216 5.319505 -0.630674
v -0.048037 5.319505 -0.630674
v -0.028448 5.285575 -0.630674
v -0.048037 5.251646 -0.709031
v -0.087216 5.251646 -0.709031
v -0.106805 5.285575 -0.709031
v -0.087216 5.319505 -0.709031
v -0.048037 5.319505 -0.709031
v -0.028448 5.285575 -0.709031
v -0.048037 5.251646 -0.641781
v -0.028448 5.285575 -0.641781
v -0.048037 5.319505 -0.641781
v -0.087216 5.319505 -0.641781
v -0.106805 5.285575 -0.641781
v -0.087216 5.251646 -0.641781
v -0.048037 5.251646 -0.652249
v -0.028448 5.285575 -0.652249
v -0.048037 5.319505 -0.652249
v -0.087216 5.319505 -0.652249
v -0.106805 5.285575 -0.652249
v -0.087216 5.251646 -0.652249
v -0.050730 5.256310 -0.641781
v -0.033834 5.285575 -0.641781
v -0.050730 5.256310 -0.652249
v -0.033834 5.285575 -0.652249
v -0.050730 5.314841 -0.641781
v -0.050730 5.314841 -0.652249
v -0.084523 5.314841 -0.641781
v -0.084523 5.314841 -0.652249
v -0.101419 5.285575 -0.641781
v -0.101419 5.285575 -0.652249
v -0.084523 5.256310 -0.641781
v -0.084523 5.256310 -0.652249
vt 0.491131 0.089893
vt 0.487476 0.089893
vt 0.489304 0.089893
vt 0.491131 0.089893
vt 0.492959 0.089893
vt 0.494786 0.089893
vt 0.491131 0.106342
vt 0.487476 0.106342
vt 0.489304 0.106342
vt 0.491131 0.106342
vt 0.492959 0.106342
vt 0.494786 0.106342
vt 0.491131 0.092225
vt 0.494786 0.092225
vt 0.492959 0.092225
vt 0.491131 0.092225
vt 0.489304 0.092225
vt 0.487476 0.092225
vt 0.491131 0.094422
vt 0.494786 0.094422
vt 0.492959 0.094422
vt 0.491131 0.094422
vt 0.489304 0.094422
vt 0.487476 0.094422
vt 0.494786 0.092225
vt 0.491131 0.092225
vt 0.491131 0.094422
vt 0.494786 0.094422
vt 0.492959 0.092225
vt 0.492959 0.094422
vt 0.491131 0.092225
vt 0.491131 0.094422
vt 0.489304 0.092225
vt 0.489304 0.094422
vt 0.487476 0.092225
vt 0.487476 0.094422
vn 0.499999 -0.866026 0.000000
vn -0.499998 -0.866026 0.000000
vn -0.499998 -0.866026 0.000000
vn 0.499999 -0.866026 0.000000
vn -1.000000 -0.000001 0.000000
vn -1.000000 -0.000001 0.000000
vn -0.499998 0.866026 0.000000
vn -0.499998 0.866026 0.000000
vn 0.499999 0.866026 0.000000
vn 0.499999 0.866026 0.000000
vn 1.000000 0.000000 0.000000
vn 1.000000 0.000000 0.000000
vn 0.000000 0.000000 -1.000000
vn 0.000000 0.000000 -1.000000
vn 0.000000 0.000000 -1.000000
vn 0.000000 0.000000 -1.000000
vn 0.000000 0.000000 -1.000000
vn 0.000000 0.000000 -1.000000
vn 0.000000 0.000000 -1.000000
vn 0.000000 0.000000 -1.000000
vn 0.000000 0.000000 1.000000
vn 0.000000 0.000000 1.000000
vn 0.000000 0.000000 1.000000
vn 0.000000 0.000000 1.000000
vn 0.000000 0.000000 1.000000
vn 0.000000 0.000000 1.000000
vn 0.000000 0.000000 1.000000
vn 0.000000 0.000000 1.000000
vn 0.866026 -0.499998 0.000000
vn 0.866026 -0.499998 0.000000
vn 0.866026 -0.499998 0.000000
vn 0.866026 -0.499998 0.000000
vn 0.500002 0.866024 0.000000
vn 0.866026 0.499998 0.000000
vn 0.866026 0.499998 0.000000
vn 0.500002 0.866024 0.000000
vn -0.500002 0.866024 0.000000
vn -0.500002 0.866024 0.000000
vn -0.866026 0.499998 0.000000
vn -0.866026 0.499998 0.000000
vn -0.866026 -0.499998 0.000000
vn -0.866026 -0.499998 0.000000
vn -0.866026 -0.499998 0.000000
vn -0.866026 -0.499998 0.000000
vn 0.000000 -1.000000 0.000000
vn 0.000000 -1.000000 0.000000
vn 0.000000 -1.000000 0.000000
vn 0.000000 -1.000000 0.000000
vn 1.000000 0.000000 0.000000
vn 0.499999 -0.866026 0.000000
vn 0.499999 -0.866026 0.000000
vn 1.000000 0.000000 0.000000
vn 0.499999 0.866026 0.000000
vn 0.499999 0.866026 0.000000
vn -0.499999 0.866026 0.000000
vn -0.499999 0.866026 0.000000
vn -1.000000 -0.000001 0.000000
vn -1.000000 -0.000001 0.000000
vn -0.499999 -0.866026 0.000000
vn -0.499999 -0.866026 0.000000
vn -0.000012 0.000000 -1.000000
vn -0.000007 0.000000 -1.000000
vn -0.000007 0.000000 -1.000000
vn -0.000012 0.000000 -1.000000
vn -0.000002 0.000000 1.000000
vn -0.000002 0.000000 1.000000
vn -0.000002 0.000000 1.000000
vn -0.000002 0.000000 1.000000
vn -0.000005 0.000000 -1.000000
vn -0.000005 0.000000 -1.000000
vn 0.000000 0.000000 1.000000
vn 0.000000 0.000000 1.000000
vn 0.000007 0.000000 -1.000000
vn 0.000007 0.000000 -1.000000
vn 0.000002 0.000000 1.000000
vn 0.000002 0.000000 1.000000
vn 0.000012 0.000000 -1.000000
vn 0.000012 0.000000 -1.000000
vn 0.000002 0.000000 1.000000
vn 0.000002 0.000000 1.000000
vn 0.000005 0.000000 -1.000000
vn 0.000005 0.000000 -1.000000
vn 0.000000 0.000000 1.000000
vn 0.000000 0.000000 1.000000
s 1
f 477/717/723 478/718/724 494/734/725 489/729/726
f 478/718/724 479/719/727 493/733/728 494/734/725
f 479/719/727 480/720/729 492/732/730 493/733/728
f 480/720/729 481/721/731 491/731/732 492/732/730
f 481/721/731 482/722/733 490/730/734 491/731/732
f 482/722/733 477/717/723 489/729/726 490/730/734
s off
f 484/724/735 485/725/736 488/728/737 483/723/738
f 485/725/739 486/726/740 487/727/741 488/728/742
f 480/720/743 479/719/744 482/722/745 481/721/746
f 479/719/747 478/718/748 477/717/749 482/722/750
f 502/741/751 501/742/752 503/743/753 504/744/754
s 2
f 505/745/755 502/741/756 504/744/757 506/746/758
f 507/747/759 505/745/755 506/746/758 508/748/760
f 509/749/761 507/747/759 508/748/760 510/750/762
s off
f 511/751/763 509/749/764 510/750/765 512/752/766
f 501/742/767 511/751/768 512/752/769 503/743/770
s 3
f 496/736/771 495/735/772 483/723/773 488/728/774
f 497/737/775 496/736/771 488/728/774 487/727/776
f 498/738/777 497/737/775 487/727/776 486/726/778
f 499/739/779 498/738/777 486/726/778 485/725/780
f 500/740/781 499/739/779 485/725/780 484/724/782
f 495/735/772 500/740/781 484/724/782 483/723/773
s 4
f 490/730/783 489/729/784 501/742/785 502/741/786
s 5
f 495/735/787 496/736/788 504/744/789 503/743/790
s 4
f 491/731/791 490/730/783 502/741/786 505/745/792
s 5
f 496/736/788 497/737/793 506/746/794 504/744/789
s 4
f 492/732/795 491/731/791 505/745/792 507/747/796
s 5
f 497/737/793 498/738/797 508/748/798 506/746/794
s 4
f 493/733/799 492/732/795 507/747/796 509/749/800
s 5
f 498/738/797 499/739/801 510/750/802 508/748/798
s 4
f 494/734/803 493/733/799 509/749/800 511/751/804
s 5
f 499/739/801 500/740/805 512/752/806 510/750/802
s 4
f 489/729/784 494/734/803 511/751/804 501/742/785
s 5
f 500/740/805 495/735/787 503/743/790 512/752/806
v -2.014249 4.050103 3.097505
v -1.917575 4.050103 3.194179
v 2.014249 4.050103 3.097505
v 1.917575 4.050103 3.194179
v -2.014249 4.050103 -3.097505
v -1.917575 4.050103 -3.194179
v 2.014249 4.050103 -3.097505
v 1.917575 4.050103 -3.194179
v -1.943557 4.191503 3.068223
v -2.014249 4.120810 3.097505
v -1.943557 4.191503 -3.068223
v -2.014249 4.120810 -3.097505
v -1.917575 4.120810 3.194179
v -1.888293 4.191503 3.123487
v 1.917575 4.120810 3.194179
v 1.888293 4.191503 3.123487
v 1.943557 4.191503 3.068223
v 2.014249 4.120810 3.097505
v 1.943557 4.191503 -3.068223
v 2.014249 4.120810 -3.097505
v -1.917575 4.120810 -3.194179
v -1.888293 4.191503 -3.123487
v 1.917575 4.120810 -3.194179
v 1.888293 4.191503 -3.123487
vt 0.375494 0.588790
vt 0.384641 0.591828
vt 0.373568 0.602846
vt 0.370439 0.593788
vt 0.375427 0.020499
vt 0.384559 0.017506
vt 0.370371 0.015505
vt 0.373561 0.006425
vt 0.017542 0.602908
vt 0.020732 0.593828
vt 0.006545 0.591827
vt 0.015677 0.588834
vt 0.006461 0.017505
vt 0.015608 0.020543
vt 0.017535 0.006486
vt 0.020663 0.015545
vt 0.374040 0.609309
vt 0.017122 0.609316
vt 0.373981 0.000018
vt 0.017062 0.000024
vt 0.000051 0.592169
vt 0.000000 0.017202
vt 0.391053 0.017165
vt 0.391101 0.592131
vn -0.449062 0.893484 0.005466
vn -0.911723 0.410608 0.012704
vn -0.020369 0.410688 0.911548
vn -0.000263 0.999909 0.013456
vn -0.449062 0.893484 -0.005466
vn -0.911723 0.410608 -0.012704
vn -0.000263 0.999909 -0.013456
vn -0.020369 0.410688 -0.911548
vn 0.020369 0.410688 0.911548
vn 0.000263 0.999909 0.013456
vn 0.911723 0.410608 0.012704
vn 0.449062 0.893484 0.005466
vn 0.911723 0.410608 -0.012704
vn 0.449062 0.893484 -0.005466
vn 0.020369 0.410688 -0.911548
vn 0.000263 0.999909 -0.013456
vn -0.024580 0.000000 0.999698
vn 0.024580 0.000000 0.999698
vn -0.024580 0.000000 -0.999698
vn 0.024580 0.000000 -0.999698
vn 0.999882 0.000000 0.015364
vn 0.999882 0.000000 -0.015364
vn -0.999882 0.000000 -0.015364
vn -0.999882 0.000000 0.015364
s 1
f 521/753/807 522/754/808 525/755/809 526/756/810
f 522/754/808 521/753/807 523/757/811 524/758/812
f 524/758/812 523/757/811 534/759/813 533/760/814
f 526/756/810 525/755/809 527/761/815 528/762/816
f 528/762/816 527/761/815 530/763/817 529/764/818
f 529/764/818 530/763/817 532/765/819 531/766/820
f 531/766/820 532/765/819 535/767/821 536/768/822
f 533/760/814 534/759/813 536/768/822 535/767/821
f 525/755/809 514/769/823 516/770/824 527/761/815
f 518/771/825 533/760/814 535/767/821 520/772/826
f 530/763/817 515/773/827 519/774/828 532/765/819
f 524/758/812 517/775/829 513/776/830 522/754/808
f 536/768/822 528/762/816 529/764/818 531/766/820
f 513/776/830 514/769/823 525/755/809 522/754/808
f 516/770/824 515/773/827 530/763/817 527/761/815
f 524/758/812 533/760/814 518/771/825 517/775/829
f 535/767/821 532/765/819 519/774/828 520/772/826
f 521/753/807 526/756/810 534/759/813 523/757/811
f 534/759/813 526/756/810 528/762/816 536/768/822
v -0.383313 5.220371 -0.667601
v -0.245197 5.220371 -0.667601
v -0.383313 5.455593 -0.667601
v -0.245197 5.455593 -0.667601
v -0.383313 5.455593 -0.696786
v -0.245197 5.455593 -0.696786
v -0.383313 5.220371 -0.696786
v -0.245197 5.220371 -0.696786
v -0.369181 5.237356 -0.667601
v -0.259330 5.237356 -0.667601
v -0.259330 5.438609 -0.667601
v -0.369181 5.438609 -0.667601
v -0.369181 5.237356 -0.694968
v -0.259330 5.237356 -0.694968
v -0.259330 5.438609 -0.694968
v -0.369181 5.438609 -0.694968
v -0.361295 5.244603 -0.668009
v -0.267215 5.244603 -0.668009
v -0.267215 5.431361 -0.645977
v -0.361295 5.431361 -0.645977
v -0.361295 5.337982 -0.668009
v -0.267215 5.337982 -0.668009
v -0.361295 5.244603 -0.713237
v -0.267215 5.244603 -0.713237
v -0.267215 5.337982 -0.713237
v -0.361295 5.431361 -0.691205
v -0.267215 5.431361 -0.691205
v -0.361295 5.337982 -0.713237
vt 0.972784 0.027143
vt 0.988567 0.027107
vt 0.988417 0.029976
vt 0.972953 0.029984
vt 0.972935 0.000025
vt 0.988400 0.000018
vt 0.988569 0.002859
vt 0.972784 0.002894
vt 0.991424 0.002898
vt 0.991425 0.027077
vt 0.969926 0.002924
vt 0.969929 0.027105
vt 0.987197 0.004535
vt 0.974153 0.004582
vt 0.987199 0.025419
vt 0.974155 0.025467
vt 0.985422 0.005909
vt 0.976035 0.005745
vt 0.985317 0.024256
vt 0.975931 0.024093
vt 0.983020 0.034204
vt 0.983087 0.043092
vt 0.974110 0.042977
vt 0.974120 0.034368
vt 0.991760 0.034301
vt 0.991755 0.042906
vt 0.991903 0.030198
vt 0.995949 0.042934
vt 0.983527 0.047291
vt 0.974942 0.046973
vt 0.969928 0.034336
vt 0.983464 0.029980
vt 0.969926 0.042998
vt 0.974905 0.030361
vt 0.991975 0.047060
vt 0.995942 0.034274
vn 0.000000 1.000000 0.000000
vn 0.000000 1.000000 0.000000
vn 0.000000 1.000000 0.000000
vn 0.000000 1.000000 0.000000
vn 0.000000 -1.000000 0.000000
vn 0.000000 -1.000000 0.000000
vn 0.000000 -1.000000 0.000000
vn 0.000000 -1.000000 0.000000
vn 1.000000 0.000000 0.000000
vn 1.000000 0.000000 0.000000
vn 1.000000 0.000000 0.000000
vn 1.000000 0.000000 0.000000
vn -1.000000 0.000000 0.000000
vn -1.000000 0.000000 0.000000
vn -1.000000 0.000000 0.000000
vn -1.000000 0.000000 0.000000
vn 0.000000 0.000000 1.000000
vn -0.000000 0.000000 1.000000
vn -0.000000 0.000000 1.000000
vn 0.000000 0.000000 1.000000
vn -0.000000 0.000000 1.000000
vn -0.000000 0.000000 1.000000
vn 0.000000 0.000000 1.000000
vn 0.000000 0.000000 1.000000
vn 0.000000 1.000000 0.000000
vn 0.000000 1.000000 0.000000
vn 0.000000 1.000000 0.000000
vn 0.000000 1.000000 0.000000
vn -1.000000 0.000000 0.000000
vn -1.000000 0.000000 0.000000
vn -1.000000 0.000000 0.000000
vn -1.000000 0.000000 0.000000
vn 0.000000 -1.000000 0.000000
vn 0.000000 -1.000000 0.000000
vn 0.000000 -1.000000 0.000000
vn 0.000000 -1.000000 0.000000
vn 1.000000 0.000000 0.000000
vn 1.000000 0.000000 0.000000
vn 1.000000 0.000000 0.000000
vn 1.000000 0.000000 0.000000
vn 0.000000 -0.117156 0.993114
vn 0.000000 -0.117156 0.993114
vn 0.000000 -0.229632 0.973278
vn 0.000000 -0.229632 0.973278
vn 0.000000 0.000000 1.000000
vn 0.000000 0.000000 1.000000
vn 0.000000 -1.000000 0.000000
vn 0.000000 -1.000000 0.000000
vn 0.000000 -1.000000 0.000000
vn 0.000000 -1.000000 0.000000
vn 1.000000 0.000000 0.000000
vn 1.000000 0.000000 0.000000
vn 1.000000 0.000000 0.000000
vn 1.000000 0.000000 0.000000
vn 0.000000 1.000000 0.000000
vn 0.000000 1.000000 0.000000
vn 0.000000 1.000000 0.000000
vn 0.000000 1.000000 0.000000
vn -1.000000 0.000000 0.000000
vn -1.000000 0.000000 0.000000
vn -1.000000 0.000000 0.000000
vn -1.000000 0.000000 0.000000
vn -1.000000 0.000000 0.000000
vn -1.000000 0.000000 0.000000
vn -1.000000 0.000000 0.000000
vn -1.000000 0.000000 0.000000
vn 1.000000 0.000000 0.000000
vn 1.000000 0.000000 0.000000
vn 1.000000 0.000000 0.000000
vn 1.000000 0.000000 0.000000
s off
f 539/777/831 540/778/832 542/779/833 541/780/834
f 543/781/835 544/782/836 538/783/837 537/784/838
f 538/783/839 544/785/840 542/786/841 540/778/842
f 543/787/843 537/784/844 539/777/845 541/788/846
s 1
f 537/784/847 538/783/848 546/789/849 545/790/850
f 538/783/848 540/778/851 547/791/852 546/789/849
f 540/778/851 539/777/853 548/792/854 547/791/852
f 539/777/853 537/784/847 545/790/850 548/792/854
s off
f 545/790/855 546/789/856 550/793/857 549/794/858
f 546/789/859 547/791/860 551/795/861 550/793/862
f 547/791/863 548/792/864 552/796/865 551/795/866
f 548/792/867 545/790/868 549/794/869 552/796/870
s 2
f 557/797/871 558/798/872 555/799/873 556/800/874
f 553/801/875 554/802/876 558/798/872 557/797/871
s off
f 554/802/877 553/801/878 559/812/879 560/804/880
f 558/798/881 554/802/882 560/811/883 561/805/884
f 556/800/885 555/799/886 563/809/887 562/807/888
f 553/801/889 557/797/890 564/808/891 559/803/892
f 557/797/893 556/800/894 562/810/895 564/808/896
f 555/799/897 558/798/898 561/805/899 563/806/900
v -0.752873 4.200782 -0.190990
v 0.886312 4.200782 0.160953
v -0.542950 4.200782 -1.168708
v 1.096234 4.200782 -0.816765
vt 0.753829 0.531641
vt 0.873616 0.531641
vt 0.753829 0.651428
vt 0.873616 0.651428
vn 0.000000 1.000000 0.000000
vn 0.000000 1.000000 0.000000
vn 0.000000 1.000000 0.000000
vn 0.000000 1.000000 0.000000
s off
f 565/813/901 566/814/902 568/816/903 567/815/904
v 0.114376 4.160135 -0.861039
v 1.141859 4.120439 -1.261302
v 0.136388 4.629057 -1.259721
v 0.547126 4.479247 -1.529391
v 0.082617 4.540712 -2.431166
v 0.504417 4.407617 -2.374766
v -0.047196 4.172026 -2.960129
v 0.980780 4.122264 -2.659690
v 0.656398 4.277368 -2.625109
v 0.431428 4.140793 -2.918270
v 0.009829 4.553118 -2.820663
v 1.205927 4.172461 -1.955629
v 0.602903 4.114047 -0.895999
v 0.869260 4.288859 -1.295297
v 0.257972 4.614162 -1.325425
v 0.109217 4.540201 -0.943267
v 0.693713 4.488037 -1.985087
v 0.288120 4.550972 -2.461732
v 0.059158 4.570014 -1.767532
v 0.397660 4.383539 -0.964249
v 0.313948 4.433210 -1.862787
v 0.286770 4.400702 -2.798079
v 1.012270 4.328499 -1.987571
vt 0.165842 0.700751
vt 0.184855 0.659158
vt 0.198231 0.688192
vt 0.197201 0.718758
vt 0.225772 0.614749
vt 0.229883 0.644341
vt 0.252511 0.678797
vt 0.234141 0.708741
vt 0.227823 0.719863
vt 0.285192 0.699274
vt 0.276240 0.725868
vt 0.294170 0.664526
vt 0.332391 0.678182
vt 0.340524 0.701836
vt 0.339041 0.720982
vt 0.373371 0.696419
vt 0.375659 0.725872
vt 0.356240 0.660008
vt 0.358613 0.626351
vt 0.390693 0.672406
vt 0.410711 0.712014
vt 0.290934 0.609307
vt 0.293997 0.632265
vn 0.138043 0.265746 0.954108
vn 0.402932 0.578244 0.709422
vn 0.371332 0.664455 0.648546
vn 0.314806 0.623372 0.715755
vn 0.540077 0.787711 0.296357
vn 0.490078 0.809504 0.323306
vn 0.327358 0.940092 0.095204
vn 0.346937 0.935017 0.073341
vn 0.379100 0.919780 0.101432
vn 0.171347 0.983267 -0.061855
vn 0.284754 0.955145 -0.081323
vn 0.318121 0.946155 -0.059913
vn 0.331283 0.923128 -0.195156
vn 0.310905 0.945765 -0.094167
vn 0.280935 0.959189 -0.032134
vn 0.325238 0.690319 -0.646281
vn 0.240432 0.698481 -0.674030
vn 0.442692 0.797506 -0.409887
vn 0.480760 0.806094 -0.345083
vn 0.320082 0.585214 -0.745032
vn 0.171941 0.389957 -0.904638
vn 0.538446 0.841403 -0.046024
vn 0.485882 0.870800 -0.075003
s 1
f 569/817/905 581/818/906 588/819/907 584/820/908
f 581/818/906 570/821/909 582/822/910 588/819/907
f 588/819/907 582/822/910 572/823/911 583/824/912
f 584/820/908 588/819/907 583/824/912 571/825/913
f 571/825/913 583/824/912 589/826/914 587/827/915
f 583/824/912 572/823/911 585/828/916 589/826/914
f 589/826/914 585/828/916 574/829/917 586/830/918
f 587/827/915 589/826/914 586/830/918 573/831/919
f 573/831/919 586/830/918 590/832/920 579/833/921
f 586/830/918 574/829/917 577/834/922 590/832/920
f 590/832/920 577/834/922 576/835/923 578/836/924
f 579/833/921 590/832/920 578/836/924 575/837/925
f 570/821/909 580/838/926 591/839/927 582/822/910
f 580/838/926 576/835/923 577/834/922 591/839/927
f 591/839/927 577/834/922 574/829/917 585/828/916
f 582/822/910 591/839/927 585/828/916 572/823/911
v -1.552458 4.280121 -1.296173
v -1.652752 4.191641 -1.892162
v -1.773396 4.307024 -1.220401
v -1.862919 4.225066 -1.883609
v -1.714326 4.359266 -1.154809
v -1.928683 4.133456 -1.870590
v -1.876389 4.154756 -1.014877
v -1.531876 4.114802 -1.909149
v -1.536605 4.295592 -1.624877
v -1.460811 4.146408 -1.159952
v -1.808784 4.245256 -2.015942
v -1.759666 4.348931 -1.588036
v -1.413619 4.125456 -1.560517
v -1.641787 4.321441 -1.699765
v -1.806658 4.168571 -1.460798
v -1.822262 4.092744 -2.022296
v -1.679405 4.145428 -0.960476
vt 0.095485 0.790684
vt 0.108085 0.754464
vt 0.121791 0.757914
vt 0.115745 0.785873
vt 0.104123 0.832289
vt 0.116499 0.815807
vt 0.125875 0.779154
vt 0.133201 0.826501
vt 0.137533 0.752005
vt 0.145837 0.759541
vt 0.137496 0.789103
vt 0.140453 0.821613
vt 0.156097 0.799908
vt 0.151135 0.845743
vt 0.156100 0.756724
vt 0.139393 0.739745
vt 0.129578 0.851332
vn 0.778558 0.621285 -0.088609
vn 0.667877 0.568009 -0.480942
vn 0.604504 0.561439 -0.565121
vn 0.619315 0.773791 -0.133027
vn 0.676116 0.659909 0.327700
vn 0.619076 0.767617 0.165859
vn 0.214492 0.945055 -0.246707
vn 0.205691 0.891145 0.404415
vn -0.031016 0.738539 -0.673496
vn -0.710561 0.698313 -0.086384
vn -0.636337 0.771308 0.012625
vn -0.717337 0.691556 0.084720
vn -0.922643 0.385589 0.007191
vn -0.703931 0.624178 0.338943
vn -0.904556 0.425902 0.019627
vn -0.085443 0.377251 -0.922161
vn 0.222208 0.774940 0.591685
s 1
f 604/840/928 599/841/929 593/842/930 600/843/931
f 601/844/932 604/840/928 600/843/931 592/845/933
f 592/845/933 600/843/931 605/846/934 596/847/935
f 600/843/931 593/842/930 602/848/936 605/846/934
f 605/846/934 602/848/936 595/849/937 603/850/938
f 596/847/935 605/846/934 603/850/938 594/851/939
f 594/851/939 603/850/938 606/852/940 598/853/941
f 603/850/938 595/849/937 597/854/942 606/852/940
f 607/855/943 597/854/942 595/849/937 602/848/936
f 599/841/929 607/855/943 602/848/936 593/842/930
f 608/856/944 601/844/932 592/845/933 596/847/935
f 598/853/941 608/856/944 596/847/935 594/851/939
v 1.434709 4.178093 2.154500
v 1.144722 4.324117 2.237264
v 0.582863 4.272084 1.872343
v 0.304858 4.305848 2.772204
v 0.029627 4.321428 2.010895
v 0.100603 4.107279 2.405164
v 0.092440 4.086024 1.614027
v 1.025741 4.187665 2.731347
v 0.912683 4.119078 1.475042
v 0.282487 4.311354 1.903726
v 0.913061 4.373804 2.676169
v 0.627549 4.289508 2.199647
v 0.286115 4.157528 2.819954
v -0.341443 4.084421 1.924982
v -0.216364 4.069515 2.203922
v 0.524387 4.163922 1.581266
v -0.219066 4.094236 1.682668
v 0.559124 4.146042 2.906143
v 0.677946 4.141045 1.442243
v 0.674063 4.262053 1.870408
v 0.793528 4.257798 1.906265
v 0.437170 4.296472 2.042422
v 0.089959 4.335780 1.898327
v 0.147220 4.325196 2.181332
v 0.429918 4.318424 2.312155
v 0.294477 4.312397 2.390052
v 0.514621 4.314855 2.792272
v 0.254937 4.331886 2.095311
vt 0.129291 0.625156
vt 0.128414 0.644662
vt 0.102000 0.658206
vt 0.097059 0.651207
vt 0.113396 0.609314
vt 0.087519 0.644375
vt 0.031791 0.609316
vt 0.042373 0.638831
vt 0.075697 0.673966
vt 0.024747 0.679302
vt 0.116140 0.682384
vt 0.097459 0.678934
vt 0.103305 0.695697
vt 0.077898 0.695480
vt 0.125843 0.696607
vt 0.121716 0.707201
vt 0.103045 0.708653
vt 0.079599 0.710377
vt 0.036534 0.714460
vt 0.048937 0.726928
vt 0.090573 0.734809
vt 0.046479 0.741002
vt 0.125948 0.743371
vt 0.153564 0.732315
vt 0.164565 0.708351
vt 0.154729 0.678442
vt 0.005026 0.673694
vt 0.019053 0.723469
vn 0.081727 0.956829 -0.278924
vn -0.074122 0.906297 -0.416091
vn -0.024464 0.944884 -0.326489
vn 0.073933 0.976936 -0.200327
vn 0.198377 0.932112 -0.303009
vn 0.130574 0.960195 -0.246933
vn 0.359489 0.920629 -0.152349
vn 0.267019 0.959789 -0.086632
vn -0.033591 0.994164 -0.102517
vn 0.200204 0.943925 0.262533
vn -0.019023 0.902765 -0.429713
vn 0.118943 0.990527 -0.068620
vn 0.063406 0.997832 -0.017608
vn -0.026933 0.999020 -0.035117
vn -0.194403 0.879075 -0.435241
vn -0.488592 0.867015 0.097787
vn -0.416927 0.830587 0.369184
vn -0.418266 0.881012 0.221070
vn -0.002177 0.922164 0.386792
vn -0.503640 0.805441 0.312430
vn -0.640273 0.637749 0.428167
vn -0.676983 0.557558 0.480440
vn -0.541456 0.749978 0.379945
vn -0.542488 0.838820 0.045702
vn -0.323972 0.849600 -0.416200
vn -0.057270 0.811308 -0.581806
vn 0.503562 0.673027 0.541720
vn 0.119132 0.489859 0.863624
s 1
f 627/857/945 624/858/946 611/859/947 628/860/948
f 617/861/949 627/857/945 628/860/948 629/862/950
f 609/863/951 617/861/949 629/862/950 610/864/952
f 610/864/952 629/862/950 620/865/953 619/866/954
f 628/860/948 611/859/947 618/867/955 630/868/956
f 629/862/950 628/860/948 630/868/956 620/865/953
f 620/865/953 630/868/956 636/869/957 633/870/958
f 630/868/956 618/867/955 631/871/959 636/869/957
f 636/869/957 631/871/959 613/872/960 632/873/961
f 633/870/958 636/869/957 632/873/961 634/874/962
f 619/866/954 620/865/953 633/870/958 635/875/963
f 635/875/963 633/870/958 634/874/962 612/876/964
f 612/876/964 634/874/962 614/877/965 621/878/966
f 634/874/962 632/873/961 623/879/967 614/877/965
f 632/873/961 613/872/960 622/880/968 623/879/967
f 625/881/969 622/880/968 613/872/960 631/871/959
f 615/882/970 625/881/969 631/871/959 618/867/955
f 624/858/946 615/882/970 618/867/955 611/859/947
f 616/883/971 609/863/951 610/864/952 619/866/954
f 626/884/972 616/883/971 619/866/954 635/875/963
f 621/878/966 626/884/972 635/875/963 612/876/964
v -0.080378 5.669231 -0.712756
v -0.080378 5.669231 -2.982281
v -0.080378 5.599962 -0.712756
v -0.080378 5.599962 -2.982281
v 0.077678 5.669231 -0.743023
v 0.026607 5.669231 -0.712756
v 0.098833 5.669231 -0.816093
v 0.026607 5.599962 -0.712756
v 0.077678 5.599962 -0.743023
v 0.098833 5.599962 -0.816093
v 0.077678 5.669231 -2.952015
v 0.098833 5.669231 -2.878944
v 0.026607 5.669231 -2.982281
v 0.098833 5.599962 -2.878944
v 0.077678 5.599962 -2.952015
v 0.026607 5.599962 -2.982281
v -0.319873 5.669231 -0.712756
v -0.319873 5.669231 -2.982281
v -0.140662 5.669231 -0.712756
v -0.140662 5.669231 -2.982281
v -0.319873 5.599962 -0.712756
v -0.319873 5.599962 -2.982281
v -0.140662 5.599962 -0.712756
v -0.140662 5.599962 -2.982281
v -0.584121 5.669231 -0.712756
v -0.584121 5.669231 -2.982281
v -0.404910 5.669231 -0.712756
v -0.404910 5.669231 -2.982281
v -0.584121 5.599962 -0.712756
v -0.584121 5.599962 -2.982281
v -0.404910 5.599962 -0.712756
v -0.404910 5.599962 -2.982281
v -0.825359 5.667879 -0.712756
v -0.825359 5.667879 -2.982281
v -0.646147 5.667879 -0.712756
v -0.646147 5.667879 -2.982281
v -0.825359 5.598610 -0.712756
v -0.825359 5.598610 -2.982281
v -0.646147 5.598610 -0.712756
v -0.646147 5.598610 -2.982281
v -1.424896 5.669231 -0.712756
v -1.424896 5.669231 -2.982281
v -1.424896 5.599962 -0.712756
v -1.424896 5.599962 -2.982281
v -1.598195 5.669231 -0.743023
v -1.542198 5.669231 -0.712756
v -1.621389 5.669231 -0.816093
v -1.542198 5.599962 -0.712756
v -1.598195 5.599962 -0.743023
v -1.621389 5.599962 -0.816093
v -1.598195 5.669231 -2.952015
v -1.621389 5.669231 -2.878944
v -1.542198 5.669231 -2.982281
v -1.621389 5.599962 -2.878944
v -1.598195 5.599962 -2.952015
v -1.542198 5.599962 -2.982281
v -1.162306 5.669231 -0.712756
v -1.162306 5.669231 -2.982281
v -1.358799 5.669231 -0.712756
v -1.358799 5.669231 -2.982281
v -1.162306 5.599962 -0.712756
v -1.162306 5.599962 -2.982281
v -1.358799 5.599962 -0.712756
v -1.358799 5.599962 -2.982281
v -0.872574 5.669231 -0.712756
v -0.872574 5.669231 -2.982281
v -1.069068 5.669231 -0.712756
v -1.069068 5.669231 -2.982281
v -0.872574 5.599962 -0.712756
v -0.872574 5.599962 -2.982281
v -1.069068 5.599962 -0.712756
v -1.069068 5.599962 -2.982281
v -1.683018 5.571083 -3.044289
v -1.723847 5.571083 -2.945719
v -1.584449 5.571083 -3.085117
v -1.584449 5.670049 -3.085117
v -1.683018 5.670049 -3.044289
v -1.723847 5.670049 -2.945719
v -1.565836 5.670049 -3.003775
v -1.636724 5.670049 -2.981454
v -1.659602 5.670049 -2.912291
v -1.565836 5.607779 -3.003775
v -1.636724 5.607779 -2.981454
v -1.659602 5.607779 -2.912291
v -1.659602 5.607779 -2.545167
v -1.659602 5.670049 -2.545167
v -1.723847 5.670049 -2.557222
v -1.723847 5.571083 -2.557222
v -1.659602 5.607779 -2.276632
v -1.659602 5.670049 -2.276632
v -1.723847 5.670049 -2.273053
v -1.723847 5.571083 -2.273053
v -1.689308 5.670049 -2.516050
v -1.689308 5.571083 -2.516050
v -1.689308 5.571083 -2.314225
v -1.689308 5.670049 -2.314225
v -1.659188 5.571083 -3.013823
v -1.659188 5.571083 -2.557431
v -1.659188 5.571083 -2.272844
v -1.659602 5.607779 -1.847519
v -1.659602 5.670049 -1.847519
v -1.723847 5.670049 -1.847519
v -1.723847 5.571083 -1.847519
v -1.659188 5.571083 -1.847519
v -1.683018 5.527438 -3.044289
v -1.723847 5.527438 -2.945719
v -1.584449 5.527438 -3.085117
v -1.607793 4.158015 -2.922635
v -1.689855 4.192006 -2.938958
v -1.723847 4.274068 -2.945719
v -1.584449 4.274068 -3.085117
v -1.577688 4.192006 -3.051126
v -1.561364 4.158015 -2.969064
v -1.594195 4.158015 -2.955466
v -1.657002 4.192006 -3.018273
v -1.683018 4.274068 -3.044289
v -1.723847 5.527438 -1.847519
v -1.723847 4.274068 -1.847519
v -1.689855 4.192006 -1.847519
v -1.607793 4.158015 -1.847519
v -1.677087 5.226056 -2.523816
v -1.677087 5.528648 -2.518344
v -1.677087 5.177939 -2.420696
v -1.677087 5.222867 -2.316740
v -1.677087 5.528648 -2.317953
v -1.715336 5.526347 -2.304563
v -1.723847 5.527438 -2.276624
v -1.723847 5.196457 -2.273410
v -1.694359 5.217973 -2.301580
v -1.723847 5.138767 -2.421855
v -1.715336 5.163175 -2.421409
v -1.723847 5.200718 -2.569121
v -1.694359 5.221409 -2.540288
v -1.723847 5.527438 -2.560602
v -1.715336 5.526347 -2.532431
v -1.659188 5.527438 -3.013823
v -1.659188 5.527438 -1.847519
v -1.659188 5.528385 -2.279989
v -1.659188 5.528823 -2.556561
v -1.705740 5.602901 -2.333256
v -1.692907 5.602901 -2.333256
v -1.692907 5.590290 -2.348808
v -1.705740 5.590290 -2.348808
v -1.705740 5.590290 -2.485819
v -1.692907 5.590290 -2.485819
v -1.692907 5.602901 -2.501371
v -1.705740 5.602901 -2.501371
v -1.705740 5.282108 -2.370999
v -1.705740 5.316276 -2.333256
v -1.692907 5.282108 -2.370999
v -1.692907 5.316276 -2.333256
v -1.705740 5.294664 -2.378527
v -1.705740 5.319115 -2.348808
v -1.692907 5.294664 -2.378527
v -1.692907 5.319115 -2.348808
v -1.705740 5.294664 -2.456100
v -1.705740 5.319115 -2.485819
v -1.692907 5.294664 -2.456100
v -1.692907 5.319115 -2.485819
v -1.705740 5.282108 -2.463628
v -1.705740 5.316276 -2.501371
v -1.692907 5.282108 -2.463628
v -1.692907 5.316276 -2.501371
v -1.705740 5.631846 -2.356727
v -1.692907 5.631846 -2.356727
v -1.692907 5.619235 -2.372279
v -1.705740 5.619235 -2.372279
v -1.705740 5.619235 -2.462348
v -1.692907 5.619235 -2.462348
v -1.692907 5.631846 -2.477900
v -1.705740 5.631846 -2.477900
v -1.681940 5.645290 -2.476490
v -1.710357 5.632445 -2.476490
v -1.681940 5.589825 -2.476490
v -1.710357 5.602670 -2.476490
v -1.681940 5.589825 -2.355077
v -1.710357 5.602670 -2.355077
v -1.681940 5.645290 -2.355077
v -1.710357 5.632445 -2.355077
v -1.667653 5.459084 -2.470331
v -1.710668 5.459084 -2.470331
v -1.667653 5.222089 -2.470331
v -1.710668 5.222089 -2.470331
v -1.667653 5.222089 -2.371061
v -1.710668 5.222089 -2.371061
v -1.667653 5.459084 -2.371061
v -1.710668 5.459084 -2.371061
v -1.710668 5.328501 -2.470331
v -1.681427 5.340587 -2.470331
v -1.710668 5.352672 -2.470331
v -1.667653 5.340587 -2.470331
v -1.667653 5.340587 -2.371061
v -1.710668 5.352672 -2.371061
v -1.681427 5.340587 -2.371061
v -1.710668 5.328501 -2.371061
v -0.777585 5.571083 -3.085117
v -0.777585 5.607779 -2.744522
v -0.777585 5.607779 -3.005292
v -0.777585 5.607779 -3.005553
v -0.777585 5.670049 -3.003775
v -0.777585 5.670049 -3.085117
v -0.777585 5.607779 -2.268953
v -0.777585 5.607779 -2.740303
v -0.777585 5.571083 -3.013823
v -0.777585 5.607779 -1.847519
v -0.777585 5.527438 -3.085117
v -0.777585 4.192006 -3.051126
v -0.777585 4.274068 -3.085117
v -0.777585 5.527438 -3.013823
v -0.777585 4.158015 -2.969064
v 0.127848 5.571083 -3.044289
v 0.168677 5.571083 -2.945719
v 0.029279 5.571083 -3.085117
v 0.029279 5.670049 -3.085117
v 0.127848 5.670049 -3.044289
v 0.168677 5.670049 -2.945719
v 0.010666 5.670049 -3.003775
v 0.081554 5.670049 -2.981454
v 0.104433 5.670049 -2.912291
v 0.010666 5.607779 -3.003775
v 0.081554 5.607779 -2.981454
v 0.104433 5.607779 -2.912291
v 0.104432 5.607779 -2.545167
v 0.104432 5.670049 -2.545167
v 0.168677 5.670049 -2.557222
v 0.168677 5.571083 -2.557222
v 0.104432 5.607779 -2.276632
v 0.104432 5.670049 -2.276632
v 0.168677 5.670049 -2.273053
v 0.168677 5.571083 -2.273053
v 0.134139 5.670049 -2.516050
v 0.134139 5.571083 -2.516050
v 0.134139 5.571083 -2.314225
v 0.134139 5.670049 -2.314225
v 0.104018 5.571083 -3.013823
v 0.104018 5.571083 -2.557431
v 0.104018 5.571083 -2.272844
v 0.104433 5.607779 -1.847519
v 0.104433 5.670049 -1.847519
v 0.168677 5.670049 -1.847519
v 0.168677 5.571083 -1.847519
v 0.104018 5.571083 -1.847519
v 0.127848 5.527438 -3.044289
v 0.168677 5.527438 -2.945719
v 0.029279 5.527438 -3.085117
v 0.052624 4.158015 -2.922635
v 0.134686 4.192006 -2.938958
v 0.168677 4.274068 -2.945719
v 0.029279 4.274068 -3.085117
v 0.022518 4.192006 -3.051126
v 0.006195 4.158015 -2.969064
v 0.039025 4.158015 -2.955466
v 0.101832 4.192006 -3.018273
v 0.127848 4.274068 -3.044289
v 0.168677 5.527438 -1.847519
v 0.168677 4.274068 -1.847519
v 0.134686 4.192006 -1.847519
v 0.052624 4.158015 -1.847519
v 0.121917 5.226056 -2.523816
v 0.121917 5.528648 -2.518344
v 0.121917 5.177939 -2.420696
v 0.121917 5.222867 -2.316740
v 0.121917 5.528648 -2.317953
v 0.160166 5.526347 -2.304563
v 0.168677 5.527438 -2.276624
v 0.168677 5.196457 -2.273410
v 0.139189 5.217973 -2.301580
v 0.168677 5.138767 -2.421855
v 0.160166 5.163175 -2.421409
v 0.168677 5.200718 -2.569121
v 0.139189 5.221409 -2.540288
v 0.168677 5.527438 -2.560602
v 0.160166 5.526347 -2.532431
v 0.104018 5.527438 -3.013823
v 0.104018 5.527438 -1.847519
v 0.104018 5.528385 -2.279989
v 0.104018 5.528823 -2.556561
v 0.150571 5.602901 -2.333256
v 0.137737 5.602901 -2.333256
v 0.137737 5.590290 -2.348808
v 0.150571 5.590290 -2.348808
v 0.150571 5.590290 -2.485819
v 0.137737 5.590290 -2.485819
v 0.137737 5.602901 -2.501371
v 0.150571 5.602901 -2.501371
v 0.150571 5.282108 -2.370999
v 0.150571 5.316276 -2.333256
v 0.137737 5.282108 -2.370999
v 0.137737 5.316276 -2.333256
v 0.150571 5.294664 -2.378527
v 0.150571 5.319115 -2.348808
v 0.137737 5.294664 -2.378527
v 0.137737 5.319115 -2.348808
v 0.150571 5.294664 -2.456100
v 0.150571 5.319115 -2.485819
v 0.137737 5.294664 -2.456100
v 0.137737 5.319115 -2.485819
v 0.150571 5.282108 -2.463628
v 0.150571 5.316276 -2.501371
v 0.137737 5.282108 -2.463628
v 0.137737 5.316276 -2.501371
v 0.150571 5.631846 -2.356727
v 0.137737 5.631846 -2.356727
v 0.137737 5.619235 -2.372279
v 0.150571 5.619235 -2.372279
v 0.150571 5.619235 -2.462348
v 0.137737 5.619235 -2.462348
v 0.137737 5.631846 -2.477900
v 0.150571 5.631846 -2.477900
v 0.126771 5.645290 -2.476490
v 0.155187 5.632445 -2.476490
v 0.126771 5.589825 -2.476490
v 0.155187 5.602670 -2.476490
v 0.126771 5.589825 -2.355077
v 0.155187 5.602670 -2.355077
v 0.126771 5.645290 -2.355077
v 0.155187 5.632445 -2.355077
v 0.112483 5.459084 -2.470331
v 0.155499 5.459084 -2.470331
v 0.112483 5.222089 -2.470331
v 0.155499 5.222089 -2.470331
v 0.112483 5.222089 -2.371061
v 0.155499 5.222089 -2.371061
v 0.112483 5.459084 -2.371061
v 0.155499 5.459084 -2.371061
v 0.155499 5.328501 -2.470331
v 0.126257 5.340587 -2.470331
v 0.155499 5.352672 -2.470331
v 0.112483 5.340587 -2.470331
v 0.112483 5.340587 -2.371061
v 0.155499 5.352672 -2.371061
v 0.126257 5.340587 -2.371061
v 0.155499 5.328501 -2.371061
v -1.683018 5.571083 -0.650748
v -1.723847 5.571083 -0.749318
v -1.584449 5.571083 -0.609920
v -1.584449 5.670049 -0.609920
v -1.683018 5.670049 -0.650748
v -1.723847 5.670049 -0.749318
v -1.565836 5.670049 -0.691262
v -1.636724 5.670049 -0.713583
v -1.659602 5.670049 -0.782746
v -1.565836 5.607779 -0.691262
v -1.636724 5.607779 -0.713583
v -1.659602 5.607779 -0.782746
v -1.659602 5.607779 -1.149870
v -1.659602 5.670049 -1.149870
v -1.723847 5.670049 -1.137815
v -1.723847 5.571083 -1.137815
v -1.659602 5.607779 -1.418405
v -1.659602 5.670049 -1.418405
v -1.723847 5.670049 -1.421984
v -1.723847 5.571083 -1.421984
v -1.689308 5.670049 -1.178987
v -1.689308 5.571083 -1.178987
v -1.689308 5.571083 -1.380812
v -1.689308 5.670049 -1.380812
v -1.659188 5.571083 -0.681214
v -1.659188 5.571083 -1.137606
v -1.659188 5.571083 -1.422193
v -1.683018 5.527438 -0.650748
v -1.723847 5.527438 -0.749318
v -1.584449 5.527438 -0.609920
v -1.607793 4.158015 -0.772402
v -1.689855 4.192006 -0.756079
v -1.723847 4.274068 -0.749318
v -1.584449 4.274068 -0.609920
v -1.577688 4.192006 -0.643911
v -1.561364 4.158015 -0.725973
v -1.594195 4.158015 -0.739571
v -1.657002 4.192006 -0.676764
v -1.683018 4.274068 -0.650748
v -1.677087 5.226056 -1.171221
v -1.677087 5.528648 -1.176693
v -1.677087 5.177939 -1.274341
v -1.677087 5.222867 -1.378297
v -1.677087 5.528648 -1.377084
v -1.715336 5.526347 -1.390474
v -1.723847 5.527438 -1.418413
v -1.723847 5.196457 -1.421627
v -1.694359 5.217973 -1.393457
v -1.723847 5.138767 -1.273182
v -1.715336 5.163175 -1.273628
v -1.723847 5.200718 -1.125916
v -1.694359 5.221409 -1.154749
v -1.723847 5.527438 -1.134435
v -1.715336 5.526347 -1.162606
v -1.659188 5.527438 -0.681214
v -1.659188 5.528385 -1.415048
v -1.659188 5.528823 -1.138476
v -1.705740 5.602901 -1.361781
v -1.692907 5.602901 -1.361781
v -1.692907 5.590290 -1.346230
v -1.705740 5.590290 -1.346230
v -1.705740 5.590290 -1.209218
v -1.692907 5.590290 -1.209218
v -1.692907 5.602901 -1.193666
v -1.705740 5.602901 -1.193666
v -1.705740 5.282108 -1.324038
v -1.705740 5.316276 -1.361781
v -1.692907 5.282108 -1.324038
v -1.692907 5.316276 -1.361781
v -1.705740 5.294664 -1.316510
v -1.705740 5.319115 -1.346230
v -1.692907 5.294664 -1.316510
v -1.692907 5.319115 -1.346230
v -1.705740 5.294664 -1.238937
v -1.705740 5.319115 -1.209218
v -1.692907 5.294664 -1.238937
v -1.692907 5.319115 -1.209218
v -1.705740 5.282108 -1.231409
v -1.705740 5.316276 -1.193666
v -1.692907 5.282108 -1.231409
v -1.692907 5.316276 -1.193666
v -1.705740 5.631846 -1.338310
v -1.692907 5.631846 -1.338310
v -1.692907 5.619235 -1.322758
v -1.705740 5.619235 -1.322758
v -1.705740 5.619235 -1.232689
v -1.692907 5.619235 -1.232689
v -1.692907 5.631846 -1.217137
v -1.705740 5.631846 -1.217137
v -1.681940 5.645290 -1.218547
v -1.710357 5.632445 -1.218547
v -1.681940 5.589825 -1.218547
v -1.710357 5.602670 -1.218547
v -1.681940 5.589825 -1.339960
v -1.710357 5.602670 -1.339960
v -1.681940 5.645290 -1.339960
v -1.710357 5.632445 -1.339960
v -1.667653 5.459084 -1.224706
v -1.710668 5.459084 -1.224706
v -1.667653 5.222089 -1.224706
v -1.710668 5.222089 -1.224706
v -1.667653 5.222089 -1.323977
v -1.710668 5.222089 -1.323977
v -1.667653 5.459084 -1.323977
v -1.710668 5.459084 -1.323977
v -1.710668 5.328501 -1.224706
v -1.681427 5.340587 -1.224706
v -1.710668 5.352672 -1.224706
v -1.667653 5.340587 -1.224706
v -1.667653 5.340587 -1.323977
v -1.710668 5.352672 -1.323977
v -1.681427 5.340587 -1.323977
v -1.710668 5.328501 -1.323977
v -0.777585 5.571083 -0.609920
v -0.777585 5.607779 -0.950515
v -0.777585 5.607779 -0.689745
v -0.777585 5.607779 -0.689484
v -0.777585 5.670049 -0.691262
v -0.777585 5.670049 -0.609920
v -0.777585 5.607779 -1.426084
v -0.777585 5.607779 -0.954734
v -0.777585 5.571083 -0.681214
v -0.777585 5.527438 -0.609920
v -0.777585 4.192006 -0.643911
v -0.777585 4.274068 -0.609920
v -0.777585 5.527438 -0.681214
v -0.777585 4.158015 -0.725973
v 0.127848 5.571083 -0.650748
v 0.168677 5.571083 -0.749318
v 0.029279 5.571083 -0.609920
v 0.029279 5.670049 -0.609920
v 0.127848 5.670049 -0.650748
v 0.168677 5.670049 -0.749318
v 0.010666 5.670049 -0.691262
v 0.081554 5.670049 -0.713583
v 0.104433 5.670049 -0.782746
v 0.010666 5.607779 -0.691262
v 0.081554 5.607779 -0.713583
v 0.104433 5.607779 -0.782746
v 0.104432 5.607779 -1.149870
v 0.104432 5.670049 -1.149870
v 0.168677 5.670049 -1.137815
v 0.168677 5.571083 -1.137815
v 0.104432 5.607779 -1.418405
v 0.104432 5.670049 -1.418405
v 0.168677 5.670049 -1.421984
v 0.168677 5.571083 -1.421984
v 0.134139 5.670049 -1.178987
v 0.134139 5.571083 -1.178987
v 0.134139 5.571083 -1.380812
v 0.134139 5.670049 -1.380812
v 0.104018 5.571083 -0.681214
v 0.104018 5.571083 -1.137606
v 0.104018 5.571083 -1.422193
v 0.127848 5.527438 -0.650748
v 0.168677 5.527438 -0.749318
v 0.029279 5.527438 -0.609920
v 0.052624 4.158015 -0.772402
v 0.134686 4.192006 -0.756079
v 0.168677 4.274068 -0.749318
v 0.029279 4.274068 -0.609920
v 0.022518 4.192006 -0.643911
v 0.006195 4.158015 -0.725973
v 0.039025 4.158015 -0.739571
v 0.101832 4.192006 -0.676764
v 0.127848 4.274068 -0.650748
v 0.121917 5.226056 -1.171221
v 0.121917 5.528648 -1.176693
v 0.121917 5.177939 -1.274341
v 0.121917 5.222867 -1.378297
v 0.121917 5.528648 -1.377084
v 0.160166 5.526347 -1.390474
v 0.168677 5.527438 -1.418413
v 0.168677 5.196457 -1.421627
v 0.139189 5.217973 -1.393457
v 0.168677 5.138767 -1.273182
v 0.160166 5.163175 -1.273628
v 0.168677 5.200718 -1.125916
v 0.139189 5.221409 -1.154749
v 0.168677 5.527438 -1.134435
v 0.160166 5.526347 -1.162606
v 0.104018 5.527438 -0.681214
v 0.104018 5.528385 -1.415048
v 0.104018 5.528823 -1.138476
v 0.150571 5.602901 -1.361781
v 0.137737 5.602901 -1.361781
v 0.137737 5.590290 -1.346230
v 0.150571 5.590290 -1.346230
v 0.150571 5.590290 -1.209218
v 0.137737 5.590290 -1.209218
v 0.137737 5.602901 -1.193666
v 0.150571 5.602901 -1.193666
v 0.150571 5.282108 -1.324038
v 0.150571 5.316276 -1.361781
v 0.137737 5.282108 -1.324038
v 0.137737 5.316276 -1.361781
v 0.150571 5.294664 -1.316510
v 0.150571 5.319115 -1.346230
v 0.137737 5.294664 -1.316510
v 0.137737 5.319115 -1.346230
v 0.150571 5.294664 -1.238937
v 0.150571 5.319115 -1.209218
v 0.137737 5.294664 -1.238937
v 0.137737 5.319115 -1.209218
v 0.150571 5.282108 -1.231409
v 0.150571 5.316276 -1.193666
v 0.137737 5.282108 -1.231409
v 0.137737 5.316276 -1.193666
v 0.150571 5.631846 -1.338310
v 0.137737 5.631846 -1.338310
v 0.137737 5.619235 -1.322758
v 0.150571 5.619235 -1.322758
v 0.150571 5.619235 -1.232689
v 0.137737 5.619235 -1.232689
v 0.137737 5.631846 -1.217137
v 0.150571 5.631846 -1.217137
v 0.126771 5.645290 -1.218547
v 0.155187 5.632445 -1.218547
v 0.126771 5.589825 -1.218547
v 0.155187 5.602670 -1.218547
v 0.126771 5.589825 -1.339960
v 0.155187 5.602670 -1.339960
v 0.126771 5.645290 -1.339960
v 0.155187 5.632445 -1.339960
v 0.112483 5.459084 -1.224706
v 0.155499 5.459084 -1.224706
v 0.112483 5.222089 -1.224706
v 0.155499 5.222089 -1.224706
v 0.112483 5.222089 -1.323977
v 0.155499 5.222089 -1.323977
v 0.112483 5.459084 -1.323977
v 0.155499 5.459084 -1.323977
v 0.155499 5.328501 -1.224706
v 0.126257 5.340587 -1.224706
v 0.155499 5.352672 -1.224706
v 0.112483 5.340587 -1.224706
v 0.112483 5.340587 -1.323977
v 0.155499 5.352672 -1.323977
v 0.126257 5.340587 -1.323977
v 0.155499 5.328501 -1.323977
v 0.002706 5.179280 -0.624663
v 0.002706 5.478269 -0.624663
v -0.404416 5.478269 -0.624663
v -0.404416 5.179280 -0.624663
v 0.002706 5.179280 -0.692909
v 0.002706 5.478269 -0.692909
v -0.404416 5.478269 -0.692909
v -0.404416 5.179280 -0.692909
vt 0.560692 0.411579
vt 0.567105 0.411580
vt 0.567088 0.621593
vt 0.560675 0.621592
vt 0.537731 0.612070
vt 0.537734 0.421082
vt 0.544132 0.421202
vt 0.544119 0.611963
vt 0.559858 0.628284
vt 0.549352 0.627302
vt 0.550799 0.621453
vt 0.549490 0.405848
vt 0.559945 0.404915
vt 0.550805 0.411705
vt 0.544049 0.625121
vt 0.546067 0.618719
vt 0.539216 0.619579
vt 0.539371 0.413719
vt 0.546078 0.414440
vt 0.543907 0.407951
vt 0.987889 0.820625
vt 0.971309 0.820625
vt 0.971313 0.610664
vt 0.987893 0.610664
vt 0.987893 0.604256
vt 0.994297 0.820625
vt 0.964901 0.820625
vt 0.964905 0.610663
vt 0.987888 0.827033
vt 0.971309 0.827033
vt 0.971314 0.604255
vt 0.629575 0.829786
vt 0.629573 0.813207
vt 0.839535 0.813181
vt 0.839537 0.829761
vt 0.845945 0.829760
vt 0.629576 0.836194
vt 0.629573 0.806798
vt 0.839534 0.806773
vt 0.623167 0.829787
vt 0.623165 0.813207
vt 0.845943 0.813180
vt 0.403427 0.829788
vt 0.403425 0.813209
vt 0.613386 0.813183
vt 0.613388 0.829763
vt 0.619796 0.829762
vt 0.403428 0.836196
vt 0.403424 0.806800
vt 0.613385 0.806775
vt 0.397018 0.829789
vt 0.397016 0.813209
vt 0.619794 0.813182
vt 0.725063 0.006654
vt 0.725109 0.216676
vt 0.718697 0.216678
vt 0.718650 0.006656
vt 0.749647 0.207163
vt 0.743261 0.207049
vt 0.743221 0.016274
vt 0.749617 0.016143
vt 0.735941 0.216537
vt 0.737263 0.222457
vt 0.725796 0.223338
vt 0.737120 0.000864
vt 0.735906 0.006782
vt 0.725702 0.000014
vt 0.741129 0.213806
vt 0.743005 0.220241
vt 0.748008 0.214755
vt 0.741087 0.009513
vt 0.747808 0.008711
vt 0.743129 0.003002
vt 0.282812 0.941830
vt 0.282828 0.731869
vt 0.301007 0.731870
vt 0.300990 0.941832
vt 0.276404 0.941830
vt 0.276420 0.731869
vt 0.307415 0.731871
vt 0.307399 0.941832
vt 0.300990 0.948240
vt 0.282812 0.948238
vt 0.301007 0.725462
vt 0.318027 0.939094
vt 0.317991 0.729133
vt 0.336169 0.729130
vt 0.336205 0.939091
vt 0.311619 0.939095
vt 0.311583 0.729134
vt 0.342577 0.729129
vt 0.342614 0.939090
vt 0.336207 0.945499
vt 0.318028 0.945503
vt 0.336168 0.722721
vt 0.839538 0.836169
vt 0.317990 0.722725
vt 0.613389 0.836171
vt 0.282829 0.725461
vt 0.994301 0.610664
vt 0.698662 0.845600
vt 0.706130 0.843504
vt 0.705955 0.853289
vt 0.698704 0.854580
vt 0.713447 0.845368
vt 0.713190 0.854659
vt 0.697958 0.861942
vt 0.623365 0.859830
vt 0.623594 0.852223
vt 0.706601 0.860883
vt 0.715173 0.860657
vt 0.698049 0.867744
vt 0.623165 0.865651
vt 0.706854 0.866803
vt 0.715300 0.866481
vt 0.953935 0.617341
vt 0.956051 0.623740
vt 0.874451 0.639252
vt 0.874454 0.615127
vt 0.947377 0.615276
vt 0.874454 0.615103
vt 0.956047 0.657704
vt 0.874451 0.639642
vt 0.750764 0.858050
vt 0.751082 0.863878
vt 0.748789 0.853228
vt 0.748715 0.845047
vt 0.776045 0.857375
vt 0.776112 0.863190
vt 0.753446 0.854493
vt 0.752975 0.843280
vt 0.771878 0.842681
vt 0.772401 0.853943
vt 0.776465 0.844144
vt 0.776720 0.852269
vt 0.623889 0.842902
vt 0.624165 0.836180
vt 0.706391 0.839606
vt 0.748965 0.839847
vt 0.775753 0.839003
vt 0.956044 0.682547
vt 0.956040 0.722246
vt 0.874441 0.722236
vt 0.874446 0.683248
vt 0.816390 0.857538
vt 0.816363 0.863363
vt 0.816299 0.851503
vt 0.816115 0.842203
vt 0.815685 0.836171
vt 0.528650 0.457921
vt 0.520776 0.455841
vt 0.535431 0.384290
vt 0.543449 0.386208
vt 0.512999 0.453275
vt 0.527353 0.382354
vt 0.398964 0.437503
vt 0.413577 0.361458
vt 0.396749 0.458400
vt 0.397759 0.447942
vt 0.511357 0.461943
vt 0.510364 0.470727
vt 0.526870 0.469976
vt 0.518636 0.470045
vt 0.518837 0.462859
vt 0.527710 0.463972
vt 0.518867 0.565098
vt 0.510543 0.565511
vt 0.527112 0.564683
vt 0.392280 0.502948
vt 0.419901 0.503924
vt 0.423218 0.513423
vt 0.392549 0.529717
vt 0.392375 0.526860
vt 0.420911 0.524753
vt 0.423650 0.528249
vt 0.426675 0.513466
vt 0.428838 0.513507
vt 0.420874 0.501882
vt 0.423593 0.498426
vt 0.392745 0.498893
vt 0.393006 0.495989
vt 0.419954 0.522775
vt 0.391991 0.522850
vt 0.395034 0.570949
vt 0.746543 0.533759
vt 0.739603 0.527192
vt 0.748737 0.530932
vt 0.752551 0.540035
vt 0.752780 0.601947
vt 0.752859 0.641644
vt 0.746878 0.641658
vt 0.746797 0.601648
vt 0.748382 0.579592
vt 0.748442 0.598131
vt 0.746714 0.576062
vt 0.751989 0.599362
vt 0.752696 0.575663
vt 0.751922 0.578275
vt 0.621655 0.855660
vt 0.582306 0.855663
vt 0.581645 0.851713
vt 0.621654 0.851622
vt 0.555978 0.855665
vt 0.556058 0.851756
vt 0.513756 0.855669
vt 0.513755 0.851631
vt 0.432196 0.855676
vt 0.432195 0.851638
vt 0.931949 0.000423
vt 0.933458 0.004443
vt 0.932036 0.004561
vt 0.930814 0.001064
vt 0.933072 0.000013
vt 0.934650 0.004379
vt 0.930837 0.004619
vt 0.929729 0.001406
vt 0.751894 0.247438
vt 0.748402 0.246201
vt 0.748521 0.244778
vt 0.752536 0.246307
vt 0.751528 0.248567
vt 0.748344 0.247391
vt 0.748581 0.243594
vt 0.752969 0.245147
vt 0.007873 0.002367
vt 0.007874 0.003554
vt 0.000697 0.003555
vt 0.000697 0.002368
vt 0.000000 0.001206
vt 0.000000 0.000019
vt 0.008569 0.000018
vt 0.008570 0.001205
vt 0.934663 0.030900
vt 0.933471 0.030859
vt 0.932001 0.029773
vt 0.930804 0.029717
vt 0.723238 0.247446
vt 0.723181 0.246253
vt 0.722082 0.244774
vt 0.722040 0.243586
vt 0.933735 0.034271
vt 0.932578 0.033964
vt 0.930804 0.033256
vt 0.929722 0.032908
vt 0.720073 0.248566
vt 0.719713 0.247435
vt 0.719004 0.245781
vt 0.718650 0.244587
vt 0.753829 0.087600
vt 0.753829 0.082469
vt 0.756458 0.083657
vt 0.756458 0.086412
vt 0.756458 0.080772
vt 0.767691 0.080773
vt 0.767690 0.083658
vt 0.770319 0.082470
vt 0.770319 0.087601
vt 0.767690 0.086413
vt 0.767690 0.089298
vt 0.756458 0.089297
vt 0.482195 0.018687
vt 0.491881 0.019231
vt 0.491754 0.023294
vt 0.481830 0.022812
vt 0.770917 0.023061
vt 0.770375 0.032747
vt 0.766312 0.032621
vt 0.766792 0.022697
vt 0.756732 0.031665
vt 0.753832 0.034248
vt 0.754391 0.032969
vt 0.481030 0.035274
vt 0.479749 0.035774
vt 0.482423 0.032785
vt 0.765547 0.036991
vt 0.753829 0.020619
vt 0.766086 0.018292
vt 0.756819 0.023292
vt 0.477425 0.023516
vt 0.496125 0.024060
vt 0.493378 0.035775
vt 0.490796 0.032874
vt 0.754329 0.021900
vt 0.492100 0.035215
vt 0.664985 0.534089
vt 0.664958 0.527494
vt 0.376298 0.882276
vt 0.385278 0.882316
vt 0.383989 0.889567
vt 0.374204 0.889744
vt 0.385360 0.896802
vt 0.376069 0.897060
vt 0.382906 0.807207
vt 0.390513 0.806976
vt 0.392640 0.881568
vt 0.391583 0.890211
vt 0.391358 0.898784
vt 0.396334 0.806775
vt 0.398442 0.881658
vt 0.397503 0.890463
vt 0.397183 0.898909
vt 0.163053 0.804760
vt 0.160841 0.725278
vt 0.184966 0.725276
vt 0.169452 0.806876
vt 0.160987 0.798202
vt 0.160817 0.725278
vt 0.185356 0.725276
vt 0.203415 0.806873
vt 0.394588 0.934692
vt 0.388760 0.934375
vt 0.383937 0.932401
vt 0.375757 0.932329
vt 0.393907 0.959721
vt 0.388092 0.959655
vt 0.385204 0.937058
vt 0.384659 0.956013
vt 0.373398 0.955493
vt 0.373991 0.936590
vt 0.374862 0.960080
vt 0.382987 0.960332
vt 0.370306 0.890006
vt 0.366863 0.807781
vt 0.373586 0.807503
vt 0.370557 0.932581
vt 0.369720 0.959369
vt 0.228259 0.806871
vt 0.228962 0.725273
vt 0.267950 0.725269
vt 0.267957 0.806868
vt 0.394094 0.999971
vt 0.388269 1.000000
vt 0.382233 0.999911
vt 0.372934 0.999730
vt 0.366901 0.999303
vt 0.558894 0.318134
vt 0.551163 0.315005
vt 0.543319 0.312646
vt 0.428920 0.289467
vt 0.708399 0.284345
vt 0.702242 0.169266
vt 0.712045 0.168361
vt 0.718294 0.283674
vt 0.431079 0.279790
vt 0.545703 0.303095
vt 0.699793 0.152964
vt 0.703155 0.152002
vt 0.709183 0.159632
vt 0.701414 0.161127
vt 0.553992 0.307574
vt 0.560458 0.314992
vt 0.602313 0.164379
vt 0.602385 0.172670
vt 0.602228 0.156132
vt 0.667253 0.288329
vt 0.656834 0.257377
vt 0.666009 0.260566
vt 0.641980 0.288796
vt 0.642455 0.257574
vt 0.645921 0.260155
vt 0.644695 0.288856
vt 0.656748 0.251647
vt 0.656786 0.253858
vt 0.671275 0.256788
vt 0.667964 0.259560
vt 0.673709 0.287543
vt 0.671019 0.287821
vt 0.647863 0.261028
vt 0.648500 0.289091
vt 0.601971 0.288444
vt 0.584362 0.533782
vt 0.578355 0.540059
vt 0.582168 0.530955
vt 0.591302 0.527213
vt 0.578134 0.601971
vt 0.584117 0.601671
vt 0.584042 0.641681
vt 0.578060 0.641668
vt 0.582530 0.579615
vt 0.584196 0.576084
vt 0.582472 0.598154
vt 0.578925 0.599385
vt 0.578215 0.575687
vt 0.578989 0.578299
vt 0.717670 0.189476
vt 0.713633 0.189476
vt 0.713719 0.149467
vt 0.717669 0.150128
vt 0.713758 0.123880
vt 0.717668 0.123800
vt 0.713628 0.081578
vt 0.717666 0.081577
vt 0.713625 0.000018
vt 0.717662 0.000018
vt 0.892237 0.019470
vt 0.893371 0.020111
vt 0.892149 0.023609
vt 0.890727 0.023490
vt 0.889535 0.023426
vt 0.891114 0.019060
vt 0.894456 0.020454
vt 0.893348 0.023667
vt 0.712452 0.033244
vt 0.711321 0.033886
vt 0.709791 0.029871
vt 0.711214 0.029752
vt 0.712405 0.029694
vt 0.713581 0.032877
vt 0.710161 0.034318
vt 0.708608 0.029931
vt 0.751651 0.001206
vt 0.744475 0.001205
vt 0.744475 0.000018
vt 0.751651 0.000019
vt 0.743778 0.002366
vt 0.752347 0.002368
vt 0.752347 0.003555
vt 0.743778 0.003554
vt 0.890710 0.049906
vt 0.889518 0.049947
vt 0.893377 0.048765
vt 0.892180 0.048821
vt 0.711265 0.004530
vt 0.712459 0.004587
vt 0.708599 0.003390
vt 0.709787 0.003432
vt 0.891603 0.053012
vt 0.890445 0.053318
vt 0.894458 0.051956
vt 0.893376 0.052304
vt 0.712448 0.001063
vt 0.713578 0.001422
vt 0.709599 0.000000
vt 0.710794 0.000354
vt 0.753830 0.073942
vt 0.756458 0.075131
vt 0.756458 0.077886
vt 0.753829 0.079074
vt 0.756457 0.080771
vt 0.767690 0.077888
vt 0.767690 0.080773
vt 0.770319 0.079077
vt 0.767691 0.075133
vt 0.770320 0.073945
vt 0.767691 0.072248
vt 0.756459 0.072246
vt 0.753829 0.004774
vt 0.757954 0.004411
vt 0.758433 0.014335
vt 0.754370 0.014461
vt 0.494513 0.049325
vt 0.490388 0.049690
vt 0.489906 0.039766
vt 0.493969 0.039639
vt 0.480326 0.040724
vt 0.477984 0.039421
vt 0.477425 0.038142
vt 0.770416 0.003614
vt 0.767927 0.005006
vt 0.770917 0.002333
vt 0.489140 0.035396
vt 0.477426 0.051771
vt 0.480415 0.049098
vt 0.489683 0.054095
vt 0.758660 0.000006
vt 0.759198 0.018705
vt 0.768014 0.013379
vt 0.770914 0.015962
vt 0.477926 0.050490
vt 0.770355 0.014684
vt 0.665921 0.534101
vt 0.665947 0.527505
vt 0.597433 0.609416
vt 0.606413 0.609454
vt 0.605124 0.616706
vt 0.595339 0.616884
vt 0.606496 0.623941
vt 0.597204 0.624200
vt 0.604029 0.534346
vt 0.611636 0.534114
vt 0.613774 0.608706
vt 0.612718 0.617350
vt 0.612494 0.625923
vt 0.617457 0.533912
vt 0.619576 0.608795
vt 0.618638 0.617602
vt 0.618318 0.626049
vt 0.079482 0.845900
vt 0.000000 0.848103
vt 0.000001 0.823978
vt 0.081599 0.839502
vt 0.072924 0.847965
vt 0.000000 0.848127
vt 0.000001 0.823588
vt 0.081600 0.805538
vt 0.615723 0.661832
vt 0.609895 0.661514
vt 0.605072 0.659540
vt 0.596891 0.659468
vt 0.615040 0.686861
vt 0.609225 0.686795
vt 0.606339 0.664197
vt 0.605792 0.683152
vt 0.594530 0.682631
vt 0.595125 0.663729
vt 0.595994 0.687218
vt 0.604119 0.687471
vt 0.591442 0.617146
vt 0.587986 0.534923
vt 0.594709 0.534643
vt 0.591692 0.659719
vt 0.590852 0.686507
vt 0.081600 0.780695
vt 0.000002 0.779982
vt 0.000003 0.740994
vt 0.081602 0.740996
vt 0.615223 0.727112
vt 0.609398 0.727140
vt 0.603362 0.727051
vt 0.594063 0.726869
vt 0.588030 0.726441
vt 0.538911 0.671635
vt 0.560389 0.742652
vt 0.552588 0.745449
vt 0.531295 0.674493
vt 0.544624 0.748315
vt 0.523814 0.677801
vt 0.431213 0.775744
vt 0.411579 0.702388
vt 0.407496 0.682032
vt 0.519616 0.660483
vt 0.521405 0.669220
vt 0.409446 0.692235
vt 0.536097 0.659605
vt 0.537455 0.665605
vt 0.528747 0.667586
vt 0.527903 0.660356
vt 0.398930 0.638736
vt 0.428745 0.625413
vt 0.426350 0.635131
vt 0.396615 0.612228
vt 0.427719 0.610671
vt 0.425337 0.614403
vt 0.396720 0.615077
vt 0.434347 0.624816
vt 0.432191 0.625053
vt 0.430552 0.640222
vt 0.427514 0.637059
vt 0.400312 0.645524
vt 0.399778 0.642689
vt 0.424579 0.616457
vt 0.396729 0.619086
vt 0.747034 0.749558
vt 0.753012 0.743254
vt 0.749240 0.752375
vt 0.740123 0.756157
vt 0.752961 0.681341
vt 0.746979 0.681668
vt 0.748664 0.703717
vt 0.747012 0.707255
vt 0.748640 0.685178
vt 0.752181 0.683931
vt 0.752996 0.707626
vt 0.752210 0.705017
vt 0.752317 0.771617
vt 0.752318 0.775655
vt 0.712309 0.775572
vt 0.712969 0.771622
vt 0.686722 0.775535
vt 0.686641 0.771626
vt 0.644419 0.775668
vt 0.644419 0.771631
vt 0.562859 0.775679
vt 0.562859 0.771641
vt 0.757523 0.251266
vt 0.756882 0.252401
vt 0.753385 0.251178
vt 0.753503 0.249756
vt 0.753568 0.248564
vt 0.757933 0.250143
vt 0.756540 0.253486
vt 0.753327 0.252378
vt 0.812954 0.033245
vt 0.811823 0.033887
vt 0.810294 0.029872
vt 0.811717 0.029753
vt 0.812908 0.029695
vt 0.814083 0.032879
vt 0.810662 0.034319
vt 0.809111 0.029931
vt 0.781306 0.007891
vt 0.781305 0.000714
vt 0.782493 0.000714
vt 0.782493 0.007891
vt 0.780144 0.000018
vt 0.780144 0.008587
vt 0.778957 0.008587
vt 0.778956 0.000018
vt 0.727087 0.249738
vt 0.727046 0.248547
vt 0.728229 0.252405
vt 0.728173 0.251208
vt 0.811776 0.004531
vt 0.812969 0.004588
vt 0.809110 0.003390
vt 0.810298 0.003433
vt 0.723982 0.250631
vt 0.723676 0.249473
vt 0.725038 0.253487
vt 0.724690 0.252405
vt 0.812959 0.001064
vt 0.814089 0.001424
vt 0.810111 0.000000
vt 0.811305 0.000355
vt 0.921367 0.016508
vt 0.922556 0.013879
vt 0.925311 0.013880
vt 0.926499 0.016509
vt 0.928196 0.013880
vt 0.925313 0.002647
vt 0.928198 0.002648
vt 0.926501 0.000018
vt 0.922558 0.002647
vt 0.921370 0.000018
vt 0.919673 0.002646
vt 0.919671 0.013879
vt 0.477425 0.004774
vt 0.481550 0.004411
vt 0.482029 0.014335
vt 0.477967 0.014461
vt 0.494513 0.068003
vt 0.490388 0.068368
vt 0.489906 0.058444
vt 0.493969 0.058317
vt 0.480326 0.059402
vt 0.477984 0.058098
vt 0.477425 0.056820
vt 0.494012 0.003614
vt 0.491523 0.005006
vt 0.494513 0.002333
vt 0.489140 0.054074
vt 0.477426 0.070449
vt 0.480415 0.067775
vt 0.489683 0.072773
vt 0.482256 0.000006
vt 0.482794 0.018705
vt 0.491610 0.013379
vt 0.494510 0.015963
vt 0.477926 0.069168
vt 0.493951 0.014684
vt 0.665475 0.749598
vt 0.665476 0.756194
vt 0.829332 0.752158
vt 0.836800 0.750064
vt 0.836623 0.759849
vt 0.829371 0.761138
vt 0.844116 0.751928
vt 0.843858 0.761220
vt 0.828623 0.768499
vt 0.754031 0.766364
vt 0.754262 0.758757
vt 0.837267 0.767443
vt 0.845840 0.767218
vt 0.828712 0.774301
vt 0.753829 0.772185
vt 0.837519 0.773363
vt 0.845966 0.773042
vt 0.471485 0.002256
vt 0.473601 0.008655
vt 0.392001 0.024166
vt 0.392003 0.000042
vt 0.464927 0.000191
vt 0.392003 0.000018
vt 0.473597 0.042619
vt 0.392001 0.024557
vt 0.881432 0.764614
vt 0.881751 0.770442
vt 0.879457 0.759791
vt 0.879383 0.751611
vt 0.906714 0.763935
vt 0.906783 0.769750
vt 0.884114 0.761057
vt 0.883643 0.749844
vt 0.902543 0.749242
vt 0.903070 0.760503
vt 0.907131 0.750704
vt 0.907388 0.758829
vt 0.754560 0.749437
vt 0.754839 0.742715
vt 0.837062 0.746166
vt 0.879633 0.746411
vt 0.906417 0.745562
vt 0.473594 0.067462
vt 0.473589 0.107161
vt 0.391991 0.107151
vt 0.391995 0.068163
vt 0.947060 0.764085
vt 0.947035 0.769910
vt 0.946967 0.758050
vt 0.946780 0.748750
vt 0.946348 0.742718
vt 0.490421 0.152876
vt 0.488145 0.160755
vt 0.415371 0.144498
vt 0.417523 0.136437
vt 0.485385 0.168534
vt 0.413170 0.152711
vt 0.469541 0.254436
vt 0.466724 0.275981
vt 0.433202 0.270445
vt 0.436393 0.248273
vt 0.492878 0.285818
vt 0.482552 0.285141
vt 0.494319 0.170183
vt 0.503348 0.171197
vt 0.472242 0.284311
vt 0.502795 0.155052
vt 0.502769 0.163089
vt 0.495337 0.162765
vt 0.496620 0.153965
vt 0.536010 0.289134
vt 0.537431 0.261398
vt 0.546803 0.258204
vt 0.561935 0.289419
vt 0.559169 0.289513
vt 0.557868 0.260841
vt 0.561376 0.258204
vt 0.546913 0.254703
vt 0.546994 0.252506
vt 0.535443 0.260393
vt 0.532092 0.257620
vt 0.532103 0.288628
vt 0.529305 0.288347
vt 0.555901 0.261741
vt 0.555283 0.289792
vt 0.583916 0.749580
vt 0.590829 0.756178
vt 0.581711 0.752398
vt 0.577935 0.743279
vt 0.577970 0.681366
vt 0.583952 0.681691
vt 0.582273 0.703740
vt 0.582292 0.685201
vt 0.583925 0.707277
vt 0.578750 0.683955
vt 0.577942 0.707650
vt 0.578727 0.705041
vt 0.621654 0.859698
vt 0.582306 0.859701
vt 0.581645 0.855751
vt 0.621654 0.855660
vt 0.555978 0.859703
vt 0.556058 0.855794
vt 0.513755 0.859707
vt 0.513755 0.855669
vt 0.432196 0.859714
vt 0.432195 0.855676
vt 0.851541 0.004260
vt 0.853050 0.008280
vt 0.851628 0.008398
vt 0.850406 0.004900
vt 0.852664 0.003850
vt 0.854242 0.008215
vt 0.850428 0.008456
vt 0.849321 0.005242
vt 0.867481 0.003870
vt 0.863989 0.002632
vt 0.864108 0.001209
vt 0.868123 0.002738
vt 0.867115 0.004998
vt 0.863931 0.003823
vt 0.864168 0.000025
vt 0.868556 0.001578
vt 0.389813 0.002367
vt 0.389814 0.003554
vt 0.382637 0.003555
vt 0.382637 0.002368
vt 0.381940 0.001206
vt 0.381940 0.000019
vt 0.390509 0.000018
vt 0.390510 0.001205
vt 0.854254 0.034737
vt 0.853063 0.034696
vt 0.851593 0.033610
vt 0.850396 0.033554
vt 0.838825 0.003877
vt 0.838768 0.002684
vt 0.837669 0.001206
vt 0.837627 0.000018
vt 0.853327 0.038107
vt 0.852169 0.037801
vt 0.850396 0.037093
vt 0.849314 0.036744
vt 0.835660 0.004997
vt 0.835301 0.003866
vt 0.834591 0.002213
vt 0.834237 0.001018
vt 0.477425 0.079591
vt 0.477425 0.074460
vt 0.480054 0.075648
vt 0.480054 0.078403
vt 0.480054 0.072763
vt 0.491287 0.072764
vt 0.491286 0.075649
vt 0.493915 0.074461
vt 0.493915 0.079592
vt 0.491286 0.078404
vt 0.491286 0.081289
vt 0.480054 0.081288
vt 0.767759 0.072252
vt 0.758073 0.071708
vt 0.758199 0.067645
vt 0.768123 0.068126
vt 0.770917 0.041738
vt 0.770374 0.051424
vt 0.766312 0.051298
vt 0.766791 0.041374
vt 0.756731 0.050342
vt 0.753831 0.052925
vt 0.754390 0.051646
vt 0.768922 0.055664
vt 0.770203 0.055164
vt 0.767530 0.058153
vt 0.765546 0.055669
vt 0.753829 0.039296
vt 0.766086 0.036969
vt 0.756818 0.041969
vt 0.772528 0.067421
vt 0.753829 0.066880
vt 0.756574 0.055164
vt 0.759156 0.058065
vt 0.754329 0.040577
vt 0.757853 0.055724
vt 0.470038 0.279792
vt 0.473116 0.251217
vt 0.392811 0.273104
vt 0.429597 0.273814
vt 0.433364 0.244228
vt 0.704540 0.004478
vt 0.704476 0.076727
vt 0.497705 0.076543
vt 0.497769 0.004294
vt 0.704412 0.148977
vt 0.497641 0.148793
vt 0.703155 0.152002
vt 0.498892 0.151821
vt 0.703289 0.001450
vt 0.499025 0.001268
vt 0.601158 0.000106
vt 0.700264 0.000194
vt 0.502053 0.000018
vt 0.699793 0.152964
vn -1.000000 0.000000 0.000000
vn -1.000000 0.000000 0.000000
vn -1.000000 0.000000 0.000000
vn -1.000000 0.000000 0.000000
vn 0.999951 0.000000 0.009904
vn 0.999951 0.000000 -0.009904
vn 0.999951 0.000000 -0.009904
vn 0.999951 0.000000 0.009904
vn 0.000000 0.000000 1.000000
vn 0.000000 0.000000 1.000000
vn 0.188075 0.000000 0.982155
vn 0.188075 0.000000 0.982155
vn 0.188075 0.000000 -0.982155
vn 0.000000 0.000000 -1.000000
vn 0.000000 0.000000 -1.000000
vn 0.188075 0.000000 -0.982155
vn 0.509829 0.000000 0.860276
vn 0.509829 0.000000 0.860276
vn 0.960555 0.000000 0.278091
vn 0.960555 0.000000 0.278091
vn 0.960555 0.000000 -0.278091
vn 0.960555 0.000000 -0.278091
vn 0.509829 0.000000 -0.860276
vn 0.509829 0.000000 -0.860276
vn 0.000000 1.000000 0.000000
vn 0.000000 1.000000 0.000000
vn 0.000000 1.000000 0.000000
vn 0.000000 1.000000 0.000000
vn 0.000000 1.000000 0.000000
vn 0.000000 1.000000 0.000000
vn 0.000000 1.000000 0.000000
vn 0.000000 1.000000 0.000000
vn 0.000000 1.000000 0.000000
vn 0.000000 1.000000 0.000000
vn 0.000000 1.000000 0.000000
vn 0.000000 1.000000 0.000000
vn -1.000000 0.000000 0.000000
vn -1.000000 0.000000 0.000000
vn -1.000000 0.000000 0.000000
vn -1.000000 0.000000 0.000000
vn 1.000000 0.000000 0.000000
vn 1.000000 0.000000 0.000000
vn 1.000000 0.000000 0.000000
vn 1.000000 0.000000 0.000000
vn 0.000000 0.000000 1.000000
vn 0.000000 0.000000 1.000000
vn 0.000000 0.000000 1.000000
vn 0.000000 0.000000 1.000000
vn 0.000000 0.000000 -1.000000
vn 0.000000 0.000000 -1.000000
vn 0.000000 0.000000 -1.000000
vn 0.000000 0.000000 -1.000000
vn 0.000000 1.000000 0.000000
vn 0.000000 1.000000 0.000000
vn 0.000000 1.000000 0.000000
vn 0.000000 1.000000 0.000000
vn -1.000000 0.000000 0.000000
vn -1.000000 0.000000 0.000000
vn -1.000000 0.000000 0.000000
vn -1.000000 0.000000 0.000000
vn 1.000000 0.000000 0.000000
vn 1.000000 0.000000 0.000000
vn 1.000000 0.000000 0.000000
vn 1.000000 0.000000 0.000000
vn 0.000000 0.000000 1.000000
vn 0.000000 0.000000 1.000000
vn 0.000000 0.000000 1.000000
vn 0.000000 0.000000 1.000000
vn 0.000000 0.000000 -1.000000
vn 0.000000 0.000000 -1.000000
vn 0.000000 0.000000 -1.000000
vn 0.000000 0.000000 -1.000000
vn 0.000000 1.000000 0.000000
vn 0.000000 1.000000 0.000000
vn 0.000000 1.000000 0.000000
vn 0.000000 1.000000 0.000000
vn -1.000000 0.000000 0.000000
vn -1.000000 0.000000 0.000000
vn -1.000000 0.000000 0.000000
vn -1.000000 0.000000 0.000000
vn 1.000000 0.000000 0.000000
vn 1.000000 0.000000 0.000000
vn 1.000000 0.000000 0.000000
vn 1.000000 0.000000 0.000000
vn 0.000000 0.000000 1.000000
vn 0.000000 0.000000 1.000000
vn 0.000000 0.000000 1.000000
vn 0.000000 0.000000 1.000000
vn 0.000000 0.000000 -1.000000
vn 0.000000 0.000000 -1.000000
vn 0.000000 0.000000 -1.000000
vn 0.000000 0.000000 -1.000000
vn 1.000000 0.000000 0.000000
vn 1.000000 0.000000 0.000000
vn 1.000000 0.000000 0.000000
vn 1.000000 0.000000 0.000000
vn -0.999941 0.000000 0.010859
vn -0.999941 0.000000 0.010859
vn -0.999941 0.000000 -0.010859
vn -0.999941 0.000000 -0.010859
vn 0.000000 0.000000 1.000000
vn -0.172045 0.000000 0.985089
vn -0.172045 0.000000 0.985089
vn 0.000000 0.000000 1.000000
vn -0.172045 0.000000 -0.985089
vn -0.172045 0.000000 -0.985089
vn 0.000000 0.000000 -1.000000
vn 0.000000 0.000000 -1.000000
vn -0.475495 0.000000 0.879718
vn -0.475495 0.000000 0.879718
vn -0.953133 0.000000 0.302552
vn -0.953133 0.000000 0.302552
vn -0.953133 0.000000 -0.302552
vn -0.953133 0.000000 -0.302552
vn -0.475495 0.000000 -0.879718
vn -0.475495 0.000000 -0.879718
vn 0.000000 1.000000 0.000000
vn 0.000000 1.000000 0.000000
vn 0.000000 1.000000 0.000000
vn 0.000000 1.000000 0.000000
vn 0.000000 1.000000 0.000000
vn 0.000000 1.000000 0.000000
vn 0.000000 1.000000 0.000000
vn 0.000000 1.000000 0.000000
vn 0.000000 1.000000 0.000000
vn 0.000000 1.000000 0.000000
vn 0.000000 1.000000 0.000000
vn 0.000000 1.000000 0.000000
vn 1.000000 0.000000 0.000000
vn 1.000000 0.000000 0.000000
vn 1.000000 0.000000 0.000000
vn 1.000000 0.000000 0.000000
vn -1.000000 0.000000 0.000000
vn -1.000000 0.000000 0.000000
vn -1.000000 0.000000 0.000000
vn -1.000000 0.000000 0.000000
vn 0.000000 0.000000 1.000000
vn 0.000000 0.000000 1.000000
vn 0.000000 0.000000 1.000000
vn 0.000000 0.000000 1.000000
vn 0.000000 0.000000 -1.000000
vn 0.000000 0.000000 -1.000000
vn 0.000000 0.000000 -1.000000
vn 0.000000 0.000000 -1.000000
vn 0.000000 1.000000 0.000000
vn 0.000000 1.000000 0.000000
vn 0.000000 1.000000 0.000000
vn 0.000000 1.000000 0.000000
vn 1.000000 0.000000 0.000000
vn 1.000000 0.000000 0.000000
vn 1.000000 0.000000 0.000000
vn 1.000000 0.000000 0.000000
vn -1.000000 0.000000 0.000000
vn -1.000000 0.000000 0.000000
vn -1.000000 0.000000 0.000000
vn -1.000000 0.000000 0.000000
vn 0.000000 0.000000 1.000000
vn 0.000000 0.000000 1.000000
vn 0.000000 0.000000 1.000000
vn 0.000000 0.000000 1.000000
vn 0.000000 0.000000 -1.000000
vn 0.000000 0.000000 -1.000000
vn 0.000000 0.000000 -1.000000
vn 0.000000 0.000000 -1.000000
vn -0.045047 0.000000 -0.998985
vn -0.707107 0.000000 -0.707107
vn -0.707107 0.000000 -0.707107
vn -0.045047 0.000000 -0.998985
vn -0.996505 0.000000 -0.083533
vn -0.996505 0.000000 -0.083533
vn 0.000000 1.000000 0.000000
vn 0.000000 1.000000 0.000000
vn 0.000000 1.000000 0.000000
vn 0.000000 1.000000 0.000000
vn 0.000000 1.000000 0.000001
vn 0.000000 1.000000 0.000001
vn 0.000000 1.000000 0.000000
vn 0.000000 1.000000 0.000000
vn 0.027004 -0.013090 0.999550
vn 0.027004 -0.013090 0.999550
vn -0.000000 -0.014272 0.999898
vn -0.000000 -0.014272 0.999898
vn 0.300349 0.000001 0.953829
vn 0.300349 0.000001 0.953829
vn 0.949405 0.000000 0.314055
vn 0.998628 0.000000 0.052367
vn 0.998628 0.000000 0.052367
vn 0.949405 0.000000 0.314055
vn 0.000000 1.000000 0.000000
vn 0.000000 1.000000 0.000000
vn 0.000000 1.000000 0.000000
vn 0.000000 1.000000 0.000000
vn 0.000000 1.000000 0.000000
vn 0.000000 1.000000 0.000000
vn 0.000000 1.000000 -0.000002
vn 0.000000 1.000000 -0.000002
vn -0.000000 1.000000 0.000000
vn -0.000000 1.000000 0.000000
vn -0.000000 1.000000 -0.000000
vn 0.000000 1.000000 -0.000000
vn 1.000000 0.000000 -0.000000
vn 1.000000 0.000000 -0.000000
vn 0.000000 1.000000 0.000000
vn 0.000000 1.000000 0.000000
vn -1.000000 0.000000 0.000000
vn -1.000000 0.000000 0.000000
vn 1.000000 0.000000 0.000000
vn 1.000000 0.000000 0.000000
vn -1.000000 0.000000 0.000000
vn -1.000000 0.000000 0.000000
vn -1.000000 0.000000 0.000000
vn -1.000000 0.000000 0.000000
vn -0.766129 0.000000 0.642687
vn -0.766129 0.000000 0.642687
vn -0.766129 0.000000 0.642687
vn -0.766129 0.000000 0.642687
vn -0.766129 0.000000 -0.642687
vn -0.766129 0.000000 -0.642687
vn -0.766129 0.000000 -0.642687
vn -0.766129 0.000000 -0.642687
vn 0.000000 1.000000 0.000000
vn 0.000000 1.000000 0.000000
vn 0.000000 1.000000 0.000000
vn 0.000000 1.000000 0.000000
vn 0.000000 1.000000 0.000000
vn 0.000000 1.000000 0.000000
vn 0.000000 1.000000 0.000000
vn 0.000000 1.000000 0.000004
vn 0.000000 1.000000 0.000004
vn 0.000000 1.000000 0.000004
vn 0.000000 -1.000000 0.000000
vn 0.000000 -1.000000 -0.000000
vn 0.000000 -1.000000 -0.000000
vn 0.000000 -1.000000 0.000001
vn 0.000000 -1.000000 0.000000
vn 0.000000 -1.000000 0.000004
vn 0.000000 -1.000000 0.000000
vn 0.000000 -1.000000 0.000000
vn 0.000000 -1.000000 0.000000
vn 0.000000 -1.000000 0.000000
vn 0.000000 -1.000000 0.000000
vn 0.000000 -1.000000 0.000000
vn -0.000000 1.000000 0.000000
vn -0.000000 1.000000 0.000000
vn 0.000000 1.000000 0.000000
vn -0.000000 1.000000 0.000000
vn 1.000000 0.000000 0.000000
vn 1.000000 0.000000 0.000000
vn 0.000000 1.000000 0.000000
vn 0.000000 1.000000 0.000000
vn 0.000000 1.000000 0.000000
vn 0.000000 1.000000 0.000000
vn -1.000000 0.000000 0.000000
vn -1.000000 0.000000 0.000000
vn -1.000000 0.000000 0.000000
vn -1.000000 0.000000 0.000000
vn 0.000000 -1.000000 0.000000
vn 0.000000 -1.000000 0.000000
vn -0.010432 -0.924561 -0.380891
vn -0.027841 -0.676214 -0.736179
vn 0.000000 -0.704984 -0.709223
vn 0.000000 -0.923879 -0.382684
vn -0.044814 -0.024131 -0.998704
vn 0.000000 -0.025345 -0.999679
vn -0.045047 0.000000 -0.998985
vn 0.000000 0.000000 -1.000000
vn -0.992743 0.000000 -0.120252
vn -0.707107 0.000000 -0.707107
vn -0.706926 -0.022627 -0.706926
vn -0.995632 -0.054194 -0.076027
vn -0.381352 -0.924397 -0.007774
vn -0.735072 -0.677667 -0.020891
vn -0.557044 -0.615958 -0.557043
vn -0.252725 -0.933949 -0.252725
vn -0.708657 -0.705553 0.000000
vn -0.997620 -0.068948 0.000000
vn -0.382684 -0.923879 0.000000
vn -1.000000 0.000000 0.000000
vn -1.000000 -0.000001 0.000000
vn -1.000000 0.000000 0.000000
vn -0.999844 -0.001006 -0.017613
vn -0.672946 -0.028323 -0.739150
vn -0.755430 0.176408 -0.631035
vn -0.999971 0.002574 -0.007163
vn -0.717294 0.696684 0.010990
vn -0.999991 0.004230 0.000066
vn -0.761247 0.164095 0.627356
vn -0.999989 0.001525 0.004494
vn -0.681853 -0.040205 0.730383
vn -0.999799 -0.001489 0.019996
vn -0.517042 0.277253 0.809814
vn -0.478451 -0.035770 0.877386
vn -0.426216 0.904557 0.010792
vn -0.495889 0.288524 -0.819053
vn -0.454978 -0.021621 -0.890240
vn -1.000000 0.000000 0.000000
vn -1.000000 0.000000 0.000000
vn -1.000000 0.000000 0.000000
vn -0.003046 0.999995 -0.000434
vn 0.000000 1.000000 0.000001
vn 0.000000 1.000000 0.000000
vn -0.011280 0.999935 -0.001609
vn -0.008440 0.999964 0.000696
vn -0.007294 0.999973 0.000000
vn -0.007294 0.999973 0.000000
vn -0.008030 0.999968 0.000693
vn -0.005687 0.999978 0.003474
vn -0.004623 0.999989 -0.000853
vn -0.012180 0.999925 -0.000827
vn -0.032824 0.999430 -0.007877
vn -0.012740 0.999918 -0.000945
vn -0.038187 0.999177 0.013643
vn -1.000000 0.000002 0.000000
vn -1.000000 0.000002 0.000000
vn -1.000000 0.000002 0.000000
vn -1.000000 0.000002 0.000000
vn -1.000000 0.000003 0.000000
vn -1.000000 0.000003 0.000000
vn -1.000000 0.000003 0.000000
vn -1.000000 0.000003 0.000000
vn -1.000000 0.000000 0.000000
vn -1.000000 0.000000 0.000000
vn -1.000000 0.000000 0.000000
vn -1.000000 0.000000 0.000000
vn 0.000000 0.000000 -1.000000
vn 0.000000 0.000000 -1.000000
vn 0.000000 0.000000 -1.000000
vn 0.000000 0.000000 -1.000000
vn -0.577820 -0.789502 0.206909
vn -0.710676 -0.082206 0.698701
vn -0.831215 0.055609 -0.553163
vn -0.828604 0.545841 -0.124393
vn 0.000000 -0.967332 0.253515
vn 0.000000 -0.116849 0.993150
vn 0.000000 0.100026 -0.994985
vn 0.000000 0.975002 -0.222194
vn -0.828603 0.545841 0.124393
vn -0.831214 0.055610 0.553164
vn -0.710674 -0.082206 -0.698702
vn -0.577819 -0.789502 -0.206909
vn 0.000000 0.975002 0.222194
vn 0.000000 0.100026 0.994985
vn 0.000000 -0.116850 -0.993150
vn 0.000000 -0.967332 -0.253514
vn 0.000000 0.074172 0.997245
vn -0.619171 0.058244 0.783093
vn -0.874476 -0.037820 -0.483592
vn 0.000000 -0.077968 -0.996956
vn 0.000000 -0.077968 0.996956
vn -0.874476 -0.037820 0.483593
vn -0.619169 0.058245 -0.783095
vn 0.000000 0.074173 -0.997245
vn 0.000000 0.629833 0.776730
vn -0.841899 0.339880 0.419151
vn -0.841899 -0.339880 -0.419151
vn 0.000000 -0.629833 -0.776730
vn 0.000000 -0.629840 0.776725
vn -0.841898 -0.339885 0.419149
vn -0.841899 0.339884 -0.419148
vn 0.000000 0.629840 -0.776725
vn -0.000000 0.000000 -1.000000
vn -0.000000 0.000000 -1.000000
vn -0.000000 0.000000 -1.000000
vn -0.000000 0.000000 -1.000000
vn -0.411912 -0.911223 0.000000
vn -0.411912 -0.911223 0.000000
vn -0.832024 -0.554740 0.000000
vn -0.832024 -0.554740 0.000000
vn -0.000000 0.000000 1.000000
vn -0.000000 0.000000 1.000000
vn -0.000000 0.000000 1.000000
vn -0.000000 0.000000 1.000000
vn -0.411912 0.911223 0.000000
vn -0.411912 0.911223 0.000000
vn -0.832024 0.554740 0.000000
vn -0.832024 0.554740 0.000000
vn 0.000000 -1.000000 0.000000
vn 0.000000 -1.000000 0.000000
vn 0.000000 -1.000000 0.000000
vn 0.000000 -1.000000 0.000000
vn 0.000000 1.000000 0.000000
vn 0.000000 1.000000 0.000000
vn 0.000000 1.000000 0.000000
vn 0.000000 1.000000 0.000000
vn 0.000000 0.000000 -1.000000
vn 0.000000 0.000000 -1.000000
vn 0.000000 0.000000 -1.000000
vn 0.000000 0.000000 -1.000000
vn -0.000001 0.000000 -1.000000
vn -0.000001 0.000000 -1.000000
vn -0.000001 0.000000 -1.000000
vn -0.000001 0.000000 -1.000000
vn -0.000000 0.000000 1.000000
vn -0.000000 0.000000 1.000000
vn -0.000000 0.000000 1.000000
vn -0.000000 0.000000 1.000000
vn -1.000000 0.000000 0.000000
vn -1.000000 0.000000 0.000000
vn -1.000000 0.000000 0.000000
vn -1.000000 0.000000 0.000000
vn -0.000000 0.000000 -1.000000
vn -0.000000 0.000000 -1.000000
vn -0.000000 0.000000 -1.000000
vn -0.000000 0.000000 -1.000000
vn 0.000000 0.000000 1.000000
vn 0.000000 0.000000 1.000000
vn 0.000000 0.000000 1.000000
vn 0.000000 0.000000 1.000000
vn -1.000000 0.000000 0.000000
vn -1.000000 0.000000 0.000000
vn -1.000000 0.000000 0.000000
vn -1.000000 0.000000 0.000000
vn 0.000000 0.000000 1.000000
vn 0.000000 0.000000 1.000000
vn 0.000000 0.000000 1.000000
vn 0.000000 0.000000 1.000000
vn -0.381965 0.924177 0.000000
vn -0.381965 0.924177 0.000000
vn -0.381965 0.924177 0.000000
vn -0.381965 0.924177 0.000000
vn -0.381961 -0.924178 0.000000
vn -0.381961 -0.924178 0.000000
vn -0.381961 -0.924178 0.000000
vn -0.381961 -0.924178 0.000000
vn 0.000000 0.000000 -1.000000
vn 0.000000 0.000000 -1.000000
vn 0.000000 1.000000 0.000001
vn 0.000000 1.000000 0.000001
vn 0.045047 0.000000 -0.998985
vn 0.045047 0.000000 -0.998985
vn 0.707107 0.000000 -0.707107
vn 0.707107 0.000000 -0.707107
vn 0.996505 0.000000 -0.083533
vn 0.996505 0.000000 -0.083533
vn 0.000000 1.000000 0.000000
vn 0.000000 1.000000 0.000000
vn 0.000000 1.000000 0.000001
vn 0.000000 1.000000 0.000001
vn 0.000000 1.000000 0.000000
vn 0.000000 1.000000 0.000000
vn -0.027004 -0.013090 0.999550
vn -0.027004 -0.013090 0.999550
vn -0.300348 0.000000 0.953830
vn -0.300349 0.000000 0.953830
vn -0.949405 0.000001 0.314055
vn -0.949405 0.000001 0.314055
vn -0.998628 0.000000 0.052367
vn -0.998628 0.000000 0.052367
vn 0.000000 1.000000 0.000001
vn 0.000000 1.000000 0.000001
vn 0.000000 1.000000 -0.000004
vn 0.000000 1.000000 -0.000004
vn 0.000000 1.000000 -0.000001
vn 0.000000 1.000000 -0.000000
vn -1.000000 0.000000 -0.000000
vn -1.000000 0.000000 -0.000000
vn 0.000000 1.000000 0.000000
vn 0.000000 1.000000 0.000000
vn 1.000000 0.000000 0.000000
vn 1.000000 0.000000 0.000000
vn -1.000000 0.000000 0.000000
vn -1.000000 0.000000 0.000000
vn 1.000000 0.000000 0.000000
vn 1.000000 0.000000 0.000000
vn 1.000000 0.000000 0.000000
vn 1.000000 0.000000 0.000000
vn 0.766129 0.000000 0.642687
vn 0.766129 0.000000 0.642687
vn 0.766129 0.000000 0.642687
vn 0.766129 0.000000 0.642687
vn 0.766129 0.000000 -0.642687
vn 0.766129 0.000000 -0.642687
vn 0.766129 0.000000 -0.642687
vn 0.766129 0.000000 -0.642687
vn 0.000000 1.000000 0.000000
vn 0.000000 1.000000 0.000000
vn 0.000000 1.000000 0.000000
vn 0.000000 1.000000 0.000000
vn 0.000000 1.000000 -0.000004
vn 0.000000 1.000000 -0.000004
vn 0.000000 1.000000 -0.000004
vn 0.000000 1.000000 0.000000
vn 0.000000 1.000000 0.000000
vn 0.000000 1.000000 0.000000
vn 0.000000 -1.000000 -0.000001
vn 0.000000 -1.000000 -0.000001
vn 0.000000 -1.000000 0.000000
vn 0.000000 -1.000000 0.000001
vn 0.000000 -1.000000 0.000000
vn 0.000000 -1.000000 0.000000
vn 0.000000 -1.000000 0.000000
vn 0.000000 -1.000000 0.000000
vn 0.000000 -1.000000 0.000000
vn 0.000000 -1.000000 0.000000
vn 0.000000 1.000000 0.000000
vn 0.000000 1.000000 -0.000000
vn -1.000000 0.000000 0.000000
vn -1.000000 0.000000 0.000000
vn 0.000000 1.000000 0.000000
vn 0.000000 1.000000 0.000000
vn 0.000000 1.000000 0.000000
vn 0.000000 1.000000 0.000000
vn 1.000000 0.000000 0.000000
vn 1.000000 0.000000 0.000000
vn 1.000000 0.000000 0.000000
vn 1.000000 0.000000 0.000000
vn 0.000000 -1.000000 0.000000
vn 0.000000 -1.000000 0.000000
vn 0.010432 -0.924561 -0.380891
vn 0.027841 -0.676214 -0.736179
vn 0.044814 -0.024131 -0.998704
vn 0.045047 0.000000 -0.998985
vn 0.992743 0.000000 -0.120252
vn 0.995632 -0.054194 -0.076027
vn 0.706926 -0.022627 -0.706926
vn 0.707107 0.000000 -0.707107
vn 0.381352 -0.924397 -0.007774
vn 0.252725 -0.933949 -0.252725
vn 0.557044 -0.615959 -0.557043
vn 0.735072 -0.677667 -0.020891
vn 0.708657 -0.705553 0.000000
vn 0.997620 -0.068948 0.000000
vn 0.382683 -0.923880 0.000000
vn 1.000000 0.000000 0.000000
vn 1.000000 0.000000 0.000000
vn 1.000000 0.000000 0.000000
vn 0.999844 -0.001006 -0.017613
vn 0.999971 0.002574 -0.007163
vn 0.755430 0.176408 -0.631035
vn 0.672945 -0.028324 -0.739150
vn 0.999991 0.004230 0.000066
vn 0.717294 0.696684 0.010990
vn 0.999989 0.001525 0.004494
vn 0.761247 0.164095 0.627356
vn 0.999799 -0.001489 0.019996
vn 0.681854 -0.040205 0.730383
vn 0.478451 -0.035770 0.877385
vn 0.517042 0.277253 0.809813
vn 0.426216 0.904557 0.010792
vn 0.495889 0.288525 -0.819053
vn 0.454978 -0.021621 -0.890240
vn 1.000000 -0.000000 0.000000
vn 1.000000 0.000000 0.000000
vn 1.000000 0.000000 0.000000
vn 0.003046 0.999995 -0.000435
vn 0.011280 0.999935 -0.001609
vn 0.000000 1.000000 0.000000
vn 0.000000 1.000000 0.000000
vn 0.008440 0.999964 0.000696
vn 0.008030 0.999968 0.000693
vn 0.007294 0.999973 0.000000
vn 0.007294 0.999973 0.000000
vn 0.005687 0.999978 0.003474
vn 0.012180 0.999925 -0.000827
vn 0.004623 0.999989 -0.000853
vn 0.032824 0.999430 -0.007876
vn 0.012740 0.999918 -0.000945
vn 0.038188 0.999177 0.013640
vn 1.000000 0.000002 0.000000
vn 1.000000 0.000002 0.000000
vn 1.000000 0.000002 0.000000
vn 1.000000 0.000002 0.000000
vn 1.000000 0.000002 0.000000
vn 1.000000 0.000002 0.000000
vn 1.000000 0.000002 0.000000
vn 1.000000 0.000002 0.000000
vn 1.000000 0.000000 0.000000
vn 1.000000 0.000000 0.000000
vn 1.000000 0.000000 0.000000
vn 1.000000 0.000000 0.000000
vn 0.000000 0.000000 -1.000000
vn 0.000000 0.000000 -1.000000
vn 0.577822 -0.789500 0.206910
vn 0.828601 0.545845 -0.124392
vn 0.831215 0.055610 -0.553163
vn 0.710676 -0.082206 0.698700
vn 0.000000 -0.116850 0.993150
vn 0.000000 -0.967332 0.253514
vn 0.000000 0.975002 -0.222195
vn 0.000000 0.100026 -0.994985
vn 0.828601 0.545845 0.124392
vn 0.577821 -0.789500 -0.206910
vn 0.710675 -0.082206 -0.698702
vn 0.831215 0.055609 0.553164
vn 0.000000 0.100026 0.994985
vn 0.000000 0.975002 0.222195
vn 0.000000 -0.967332 -0.253515
vn 0.000000 -0.116849 -0.993150
vn 0.619171 0.058244 0.783093
vn 0.000000 0.074172 0.997245
vn 0.000000 -0.077968 -0.996956
vn 0.874476 -0.037820 -0.483592
vn 0.874476 -0.037820 0.483592
vn 0.000000 -0.077968 0.996956
vn 0.000000 0.074172 -0.997245
vn 0.619170 0.058244 -0.783094
vn 0.841899 0.339881 0.419151
vn 0.000000 0.629833 0.776730
vn 0.000000 -0.629833 -0.776730
vn 0.841899 -0.339880 -0.419151
vn 0.841899 -0.339882 0.419149
vn 0.000000 -0.629837 0.776727
vn 0.000000 0.629837 -0.776727
vn 0.841900 0.339881 -0.419148
vn 0.000000 0.000000 -1.000000
vn 0.000000 0.000000 -1.000000
vn 0.000000 0.000000 -1.000000
vn 0.000000 0.000000 -1.000000
vn 0.411913 -0.911223 0.000000
vn 0.832025 -0.554739 0.000000
vn 0.832025 -0.554739 0.000000
vn 0.411913 -0.911223 0.000000
vn 0.000000 0.000000 1.000000
vn 0.000000 0.000000 1.000000
vn 0.000000 0.000000 1.000000
vn 0.000000 0.000000 1.000000
vn 0.411913 0.911223 0.000000
vn 0.832025 0.554739 0.000000
vn 0.832025 0.554739 0.000000
vn 0.411913 0.911223 0.000000
vn 0.000000 -1.000000 0.000000
vn 0.000000 -1.000000 0.000000
vn 0.000000 -1.000000 0.000000
vn 0.000000 -1.000000 0.000000
vn 0.000000 1.000000 0.000000
vn 0.000000 1.000000 0.000000
vn 0.000000 1.000000 0.000000
vn 0.000000 1.000000 0.000000
vn 0.000000 0.000000 -1.000000
vn 0.000000 0.000000 -1.000000
vn 0.000000 0.000000 -1.000000
vn 0.000000 0.000000 -1.000000
vn 0.000001 0.000000 -1.000000
vn 0.000001 0.000000 -1.000000
vn 0.000001 0.000000 -1.000000
vn 0.000001 0.000000 -1.000000
vn 0.000000 0.000000 1.000000
vn 0.000000 0.000000 1.000000
vn 0.000000 0.000000 1.000000
vn 0.000000 0.000000 1.000000
vn 1.000000 0.000000 0.000000
vn 1.000000 0.000000 0.000000
vn 1.000000 0.000000 0.000000
vn 1.000000 0.000000 0.000000
vn 0.000000 0.000000 -1.000000
vn 0.000000 0.000000 -1.000000
vn 0.000000 0.000000 -1.000000
vn 0.000000 0.000000 -1.000000
vn 0.000000 0.000000 1.000000
vn 0.000000 0.000000 1.000000
vn 0.000000 0.000000 1.000000
vn 0.000000 0.000000 1.000000
vn 1.000000 0.000000 0.000000
vn 1.000000 0.000000 0.000000
vn 1.000000 0.000000 0.000000
vn 1.000000 0.000000 0.000000
vn 0.000000 0.000000 1.000000
vn 0.000000 0.000000 1.000000
vn 0.000000 0.000000 1.000000
vn 0.000000 0.000000 1.000000
vn 0.381964 0.924177 0.000000
vn 0.381964 0.924177 0.000000
vn 0.381964 0.924177 0.000000
vn 0.381964 0.924177 0.000000
vn 0.381960 -0.924179 0.000000
vn 0.381960 -0.924179 0.000000
vn 0.381960 -0.924179 0.000000
vn 0.381960 -0.924179 0.000000
vn -0.045047 0.000000 0.998985
vn -0.045047 0.000000 0.998985
vn -0.707107 0.000000 0.707107
vn -0.707107 0.000000 0.707107
vn -0.996505 0.000000 0.083533
vn -0.996505 0.000000 0.083533
vn 0.000000 1.000000 -0.000000
vn 0.000000 1.000000 -0.000000
vn 0.000000 1.000000 -0.000000
vn 0.000000 1.000000 -0.000000
vn 0.000000 1.000000 -0.000001
vn 0.000000 1.000000 -0.000001
vn 0.000000 1.000000 0.000000
vn 0.000000 1.000000 0.000000
vn 0.027004 -0.013090 -0.999550
vn 0.000000 -0.014272 -0.999898
vn 0.000000 -0.014272 -0.999898
vn 0.027004 -0.013090 -0.999550
vn 0.300348 0.000001 -0.953830
vn 0.300349 0.000001 -0.953830
vn 0.949405 0.000000 -0.314055
vn 0.949405 0.000000 -0.314055
vn 0.998628 0.000000 -0.052367
vn 0.998628 0.000000 -0.052367
vn 0.000000 1.000000 0.000000
vn 0.000000 1.000000 -0.000000
vn 0.000000 1.000000 -0.000000
vn 0.000000 1.000000 0.000000
vn 0.000000 1.000000 -0.000004
vn 0.000000 1.000000 0.000002
vn 0.000000 1.000000 0.000002
vn 0.000000 1.000000 -0.000004
vn -0.000000 1.000000 -0.000000
vn 0.000000 1.000000 0.000000
vn 0.000000 1.000000 0.000000
vn -0.000000 1.000000 -0.000000
vn 1.000000 0.000000 0.000000
vn 1.000000 0.000000 0.000000
vn 0.000000 1.000000 0.000000
vn 0.000000 1.000000 0.000000
vn -1.000000 0.000000 0.000000
vn -1.000000 0.000000 0.000000
vn 1.000000 0.000000 -0.000000
vn 1.000000 0.000000 -0.000000
vn -1.000000 0.000000 0.000000
vn -1.000000 0.000000 0.000000
vn -1.000000 0.000000 0.000000
vn -1.000000 0.000000 0.000000
vn -0.766129 0.000000 -0.642687
vn -0.766129 0.000000 -0.642687
vn -0.766129 0.000000 -0.642687
vn -0.766129 0.000000 -0.642687
vn -0.766129 0.000000 0.642687
vn -0.766129 0.000000 0.642687
vn -0.766129 0.000000 0.642687
vn -0.766129 0.000000 0.642687
vn 0.000000 1.000000 0.000000
vn 0.000000 1.000000 0.000000
vn 0.000000 1.000000 0.000000
vn 0.000000 1.000000 0.000000
vn 0.000000 1.000000 0.000004
vn 0.000000 1.000000 0.000004
vn 0.000000 1.000000 0.000004
vn 0.000000 1.000000 0.000000
vn 0.000000 1.000000 0.000000
vn 0.000000 1.000000 0.000000
vn 0.000000 -1.000000 0.000000
vn 0.000000 -1.000000 -0.000000
vn 0.000000 -1.000000 0.000000
vn 0.000000 -1.000000 0.000000
vn 0.000000 -1.000000 -0.000000
vn 0.000000 -1.000000 -0.000001
vn 0.000000 -1.000000 0.000000
vn 0.000000 -1.000000 0.000000
vn 0.000000 -1.000000 0.000000
vn 0.000000 -1.000000 0.000000
vn 0.000000 -1.000000 0.000000
vn 0.000000 -1.000000 0.000000
vn -0.000000 1.000000 0.000000
vn 0.000000 1.000000 -0.000000
vn 0.000000 1.000000 0.000000
vn 0.000000 1.000000 0.000000
vn -1.000000 0.000000 0.000000
vn -1.000000 0.000000 0.000000
vn -0.010432 -0.924561 0.380891
vn 0.000000 -0.923879 0.382684
vn 0.000000 -0.704984 0.709223
vn -0.027841 -0.676214 0.736179
vn 0.001750 -0.029410 0.999566
vn -0.044814 -0.024131 0.998704
vn 0.008199 -0.000609 0.999966
vn -0.045047 0.000000 0.998985
vn -0.992743 0.000000 0.120252
vn -0.995632 -0.054194 0.076027
vn -0.706926 -0.022627 0.706926
vn -0.707107 0.000000 0.707107
vn -0.381352 -0.924397 0.007774
vn -0.252725 -0.933949 0.252725
vn -0.557044 -0.615958 0.557043
vn -0.735072 -0.677667 0.020891
vn -1.000000 0.000000 0.000000
vn -1.000000 0.000000 0.000000
vn -1.000000 -0.000000 0.000000
vn -0.999844 -0.001006 0.017613
vn -0.999971 0.002574 0.007163
vn -0.755430 0.176408 0.631035
vn -0.672945 -0.028323 0.739150
vn -0.999991 0.004230 -0.000066
vn -0.717294 0.696684 -0.010990
vn -0.999989 0.001525 -0.004494
vn -0.761247 0.164095 -0.627356
vn -0.999799 -0.001489 -0.019996
vn -0.681854 -0.040205 -0.730383
vn -0.478451 -0.035770 -0.877385
vn -0.517042 0.277253 -0.809813
vn -0.426216 0.904557 -0.010792
vn -0.495889 0.288525 0.819053
vn -0.454978 -0.021621 0.890240
vn -1.000000 0.000000 0.000000
vn -1.000000 0.000000 0.000000
vn -0.003046 0.999995 0.000434
vn -0.011280 0.999935 0.001609
vn 0.000000 1.000000 0.000000
vn 0.000000 1.000000 -0.000001
vn -0.008440 0.999964 -0.000696
vn -0.008030 0.999968 -0.000693
vn -0.005687 0.999978 -0.003474
vn -0.012180 0.999925 0.000827
vn -0.004623 0.999989 0.000853
vn -0.032824 0.999430 0.007876
vn -0.012740 0.999918 0.000945
vn -0.038188 0.999177 -0.013640
vn -1.000000 0.000002 -0.000000
vn -1.000000 0.000002 -0.000000
vn -1.000000 0.000003 -0.000000
vn -1.000000 0.000003 -0.000000
vn -1.000000 0.000003 -0.000000
vn -1.000000 0.000003 -0.000000
vn -1.000000 0.000000 0.000000
vn -1.000000 0.000000 0.000000
vn -1.000000 0.000000 0.000000
vn -1.000000 0.000000 0.000000
vn 0.000000 0.000000 1.000000
vn 0.000000 0.000000 1.000000
vn 0.000000 0.000000 1.000000
vn 0.000000 0.000000 1.000000
vn -0.577820 -0.789501 -0.206909
vn -0.828603 0.545842 0.124392
vn -0.831215 0.055609 0.553163
vn -0.710676 -0.082206 -0.698700
vn 0.000000 -0.116849 -0.993150
vn 0.000000 -0.967332 -0.253515
vn 0.000000 0.975002 0.222194
vn 0.000000 0.100026 0.994985
vn -0.828603 0.545842 -0.124393
vn -0.577819 -0.789502 0.206909
vn -0.710675 -0.082206 0.698701
vn -0.831215 0.055609 -0.553164
vn 0.000000 0.100026 -0.994985
vn 0.000000 0.975002 -0.222194
vn 0.000000 -0.967332 0.253514
vn 0.000000 -0.116850 0.993150
vn -0.619171 0.058244 -0.783093
vn 0.000000 0.074172 -0.997245
vn 0.000000 -0.077968 0.996956
vn -0.874476 -0.037820 0.483592
vn -0.874476 -0.037820 -0.483592
vn 0.000000 -0.077968 -0.996956
vn 0.000000 0.074173 0.997245
vn -0.619170 0.058245 0.783094
vn -0.841899 0.339881 -0.419151
vn 0.000000 0.629833 -0.776730
vn 0.000000 -0.629833 0.776730
vn -0.841899 -0.339880 0.419151
vn -0.841898 -0.339885 -0.419149
vn 0.000000 -0.629840 -0.776725
vn 0.000000 0.629840 0.776725
vn -0.841899 0.339884 0.419148
vn 0.000000 0.000000 1.000000
vn 0.000000 0.000000 1.000000
vn 0.000000 0.000000 1.000000
vn 0.000000 0.000000 1.000000
vn -0.411912 -0.911223 0.000000
vn -0.832024 -0.554740 0.000000
vn -0.832024 -0.554740 0.000000
vn -0.411912 -0.911223 0.000000
vn 0.000000 0.000000 -1.000000
vn 0.000000 0.000000 -1.000000
vn 0.000000 0.000000 -1.000000
vn 0.000000 0.000000 -1.000000
vn -0.411912 0.911223 0.000000
vn -0.832024 0.554740 0.000000
vn -0.832024 0.554740 0.000000
vn -0.411912 0.911223 0.000000
vn 0.000000 -1.000000 0.000000
vn 0.000000 -1.000000 0.000000
vn 0.000000 -1.000000 0.000000
vn 0.000000 -1.000000 0.000000
vn 0.000000 1.000000 0.000000
vn 0.000000 1.000000 0.000000
vn 0.000000 1.000000 0.000000
vn 0.000000 1.000000 0.000000
vn 0.000000 0.000000 1.000000
vn 0.000000 0.000000 1.000000
vn 0.000000 0.000000 1.000000
vn 0.000000 0.000000 1.000000
vn -0.000001 0.000000 1.000000
vn -0.000001 0.000000 1.000000
vn -0.000001 0.000000 1.000000
vn -0.000001 0.000000 1.000000
vn 0.000000 0.000000 -1.000000
vn 0.000000 0.000000 -1.000000
vn 0.000000 0.000000 -1.000000
vn 0.000000 0.000000 -1.000000
vn -1.000000 0.000000 0.000000
vn -1.000000 0.000000 0.000000
vn -1.000000 0.000000 0.000000
vn -1.000000 0.000000 0.000000
vn 0.000000 0.000000 1.000000
vn 0.000000 0.000000 1.000000
vn 0.000000 0.000000 1.000000
vn 0.000000 0.000000 1.000000
vn 0.000000 0.000000 -1.000000
vn 0.000000 0.000000 -1.000000
vn 0.000000 0.000000 -1.000000
vn 0.000000 0.000000 -1.000000
vn -1.000000 0.000000 0.000000
vn -1.000000 0.000000 0.000000
vn -1.000000 0.000000 0.000000
vn -1.000000 0.000000 0.000000
vn 0.000000 0.000000 -1.000000
vn 0.000000 0.000000 -1.000000
vn 0.000000 0.000000 -1.000000
vn 0.000000 0.000000 -1.000000
vn -0.381965 0.924177 0.000000
vn -0.381965 0.924177 0.000000
vn -0.381965 0.924177 0.000000
vn -0.381965 0.924177 0.000000
vn -0.381961 -0.924178 0.000000
vn -0.381961 -0.924178 0.000000
vn -0.381961 -0.924178 0.000000
vn -0.381961 -0.924178 0.000000
vn 0.000000 0.000000 1.000000
vn 0.000000 0.000000 1.000000
vn 0.000000 1.000000 -0.000001
vn 0.000000 1.000000 -0.000001
vn 0.045047 0.000000 0.998985
vn 0.707107 0.000000 0.707107
vn 0.707107 0.000000 0.707107
vn 0.045047 0.000000 0.998985
vn 0.996505 0.000000 0.083533
vn 0.996505 0.000000 0.083533
vn 0.000000 1.000000 -0.000000
vn 0.000000 1.000000 -0.000000
vn 0.000000 1.000000 -0.000001
vn 0.000000 1.000000 -0.000001
vn 0.000000 1.000000 0.000000
vn 0.000000 1.000000 0.000000
vn -0.027004 -0.013090 -0.999550
vn -0.027004 -0.013090 -0.999550
vn -0.300349 0.000000 -0.953829
vn -0.300349 0.000000 -0.953829
vn -0.949405 0.000001 -0.314055
vn -0.998628 0.000000 -0.052367
vn -0.998628 0.000000 -0.052367
vn -0.949405 0.000001 -0.314055
vn 0.000000 1.000000 -0.000001
vn 0.000000 1.000000 -0.000001
vn 0.000000 1.000000 0.000009
vn 0.000000 1.000000 0.000009
vn 0.000000 1.000000 0.000001
vn 0.000000 1.000000 0.000000
vn -1.000000 0.000000 0.000000
vn -1.000000 0.000000 0.000000
vn 0.000000 1.000000 0.000000
vn 0.000000 1.000000 0.000000
vn 1.000000 0.000000 0.000000
vn 1.000000 0.000000 0.000000
vn -1.000000 0.000000 -0.000000
vn -1.000000 0.000000 -0.000000
vn 1.000000 0.000000 0.000000
vn 1.000000 0.000000 0.000000
vn 1.000000 0.000000 0.000000
vn 1.000000 0.000000 0.000000
vn 0.766129 0.000000 -0.642687
vn 0.766129 0.000000 -0.642687
vn 0.766129 0.000000 -0.642687
vn 0.766129 0.000000 -0.642687
vn 0.766129 0.000000 0.642687
vn 0.766129 0.000000 0.642687
vn 0.766129 0.000000 0.642687
vn 0.766129 0.000000 0.642687
vn 0.000000 1.000000 0.000000
vn 0.000000 1.000000 0.000000
vn 0.000000 1.000000 0.000000
vn 0.000000 1.000000 0.000000
vn 0.000000 1.000000 0.000000
vn 0.000000 1.000000 0.000000
vn 0.000000 1.000000 0.000000
vn 0.000000 1.000000 -0.000004
vn 0.000000 1.000000 -0.000004
vn 0.000000 1.000000 -0.000004
vn 0.000000 -1.000000 0.000001
vn 0.000000 -1.000000 0.000000
vn 0.000000 -1.000000 -0.000000
vn 0.000000 -1.000000 -0.000004
vn 0.000000 -1.000000 0.000000
vn 0.000000 -1.000000 0.000000
vn 0.000000 -1.000000 0.000000
vn 0.000000 -1.000000 0.000000
vn 0.000000 -1.000000 0.000000
vn 0.000000 -1.000000 0.000000
vn 0.000000 1.000000 -0.000000
vn 0.000000 1.000000 0.000000
vn 0.000000 1.000000 0.000000
vn 1.000000 0.000000 0.000000
vn 1.000000 0.000000 0.000000
vn 0.010432 -0.924561 0.380891
vn 0.027841 -0.676214 0.736179
vn 0.073193 -0.027645 0.996935
vn 0.000000 0.000000 1.000000
vn 0.000000 0.000000 1.000000
vn 0.000000 0.000000 1.000000
vn 0.000000 0.000000 1.000000
vn 0.992743 0.000000 0.120252
vn 0.707107 0.000000 0.707107
vn 0.706926 -0.022627 0.706926
vn 0.995632 -0.054194 0.076027
vn 0.296731 -0.039201 0.954156
vn 0.381352 -0.924397 0.007774
vn 0.735072 -0.677667 0.020891
vn 0.557044 -0.615959 0.557043
vn 0.252725 -0.933949 0.252725
vn 1.000000 0.000000 0.000000
vn 1.000000 0.000000 0.000000
vn 1.000000 0.000000 0.000000
vn 0.999844 -0.001006 0.017613
vn 0.672946 -0.028324 0.739150
vn 0.755430 0.176408 0.631035
vn 0.999971 0.002574 0.007163
vn 0.717294 0.696684 -0.010990
vn 0.999991 0.004230 -0.000066
vn 0.761247 0.164095 -0.627356
vn 0.999989 0.001525 -0.004494
vn 0.681853 -0.040205 -0.730383
vn 0.999799 -0.001489 -0.019996
vn 0.517042 0.277254 -0.809813
vn 0.478451 -0.035770 -0.877386
vn 0.426215 0.904557 -0.010792
vn 0.495889 0.288525 0.819053
vn 0.454978 -0.021621 0.890240
vn 1.000000 0.000000 0.000000
vn 1.000000 0.000000 0.000000
vn 0.003046 0.999995 0.000435
vn 0.000000 1.000000 0.000000
vn 0.000000 1.000000 0.000000
vn 0.011280 0.999935 0.001609
vn 0.008440 0.999964 -0.000696
vn 0.008030 0.999968 -0.000693
vn 0.005687 0.999978 -0.003474
vn 0.004623 0.999989 0.000853
vn 0.012180 0.999925 0.000827
vn 0.032824 0.999430 0.007877
vn 0.012740 0.999918 0.000945
vn 0.038188 0.999177 -0.013643
vn 1.000000 0.000002 -0.000000
vn 1.000000 0.000002 -0.000000
vn 1.000000 0.000001 -0.000000
vn 1.000000 0.000001 -0.000000
vn 1.000000 0.000001 -0.000000
vn 1.000000 0.000001 -0.000000
vn 1.000000 0.000000 0.000000
vn 1.000000 0.000000 0.000000
vn 1.000000 0.000000 0.000000
vn 1.000000 0.000000 0.000000
vn 0.000000 0.000000 1.000000
vn 0.000000 0.000000 1.000000
vn 0.577821 -0.789500 -0.206910
vn 0.710676 -0.082206 -0.698701
vn 0.831215 0.055610 0.553163
vn 0.828602 0.545843 0.124392
vn 0.000000 -0.967332 -0.253514
vn 0.000000 -0.116850 -0.993150
vn 0.000000 0.100026 0.994985
vn 0.000000 0.975002 0.222195
vn 0.828602 0.545843 -0.124392
vn 0.831214 0.055610 -0.553164
vn 0.710674 -0.082206 0.698702
vn 0.577821 -0.789501 0.206910
vn 0.000000 0.975002 -0.222195
vn 0.000000 0.100026 -0.994985
vn 0.000000 -0.116849 0.993150
vn 0.000000 -0.967332 0.253515
vn 0.000000 0.074172 -0.997245
vn 0.619171 0.058244 -0.783093
vn 0.874476 -0.037820 0.483592
vn 0.000000 -0.077968 0.996956
vn 0.000000 -0.077968 -0.996956
vn 0.874476 -0.037820 -0.483593
vn 0.619169 0.058244 0.783095
vn 0.000000 0.074172 0.997245
vn 0.000000 0.629833 -0.776730
vn 0.841899 0.339880 -0.419151
vn 0.841899 -0.339880 0.419151
vn 0.000000 -0.629833 0.776730
vn 0.000000 -0.629837 -0.776727
vn 0.841899 -0.339882 -0.419150
vn 0.841900 0.339881 0.419148
vn 0.000000 0.629837 0.776727
vn 0.000000 0.000000 1.000000
vn 0.000000 0.000000 1.000000
vn 0.000000 0.000000 1.000000
vn 0.000000 0.000000 1.000000
vn 0.411913 -0.911223 0.000000
vn 0.411913 -0.911223 0.000000
vn 0.832025 -0.554739 0.000000
vn 0.832025 -0.554739 0.000000
vn 0.000000 0.000000 -1.000000
vn 0.000000 0.000000 -1.000000
vn 0.000000 0.000000 -1.000000
vn 0.000000 0.000000 -1.000000
vn 0.411913 0.911223 0.000000
vn 0.411913 0.911223 0.000000
vn 0.832025 0.554739 0.000000
vn 0.832025 0.554739 0.000000
vn 0.000000 -1.000000 0.000000
vn 0.000000 -1.000000 0.000000
vn 0.000000 -1.000000 0.000000
vn 0.000000 -1.000000 0.000000
vn 0.000000 1.000000 0.000000
vn 0.000000 1.000000 0.000000
vn 0.000000 1.000000 0.000000
vn 0.000000 1.000000 0.000000
vn 0.000000 0.000000 1.000000
vn 0.000000 0.000000 1.000000
vn 0.000000 0.000000 1.000000
vn 0.000000 0.000000 1.000000
vn 0.000001 0.000000 1.000000
vn 0.000001 0.000000 1.000000
vn 0.000001 0.000000 1.000000
vn 0.000001 0.000000 1.000000
vn 0.000000 0.000000 -1.000000
vn 0.000000 0.000000 -1.000000
vn 0.000000 0.000000 -1.000000
vn 0.000000 0.000000 -1.000000
vn 1.000000 0.000000 0.000000
vn 1.000000 0.000000 0.000000
vn 1.000000 0.000000 0.000000
vn 1.000000 0.000000 0.000000
vn 0.000000 0.000000 1.000000
vn 0.000000 0.000000 1.000000
vn 0.000000 0.000000 1.000000
vn 0.000000 0.000000 1.000000
vn 0.000000 0.000000 -1.000000
vn 0.000000 0.000000 -1.000000
vn 0.000000 0.000000 -1.000000
vn 0.000000 0.000000 -1.000000
vn 1.000000 0.000000 0.000000
vn 1.000000 0.000000 0.000000
vn 1.000000 0.000000 0.000000
vn 1.000000 0.000000 0.000000
vn 0.000000 0.000000 -1.000000
vn 0.000000 0.000000 -1.000000
vn 0.000000 0.000000 -1.000000
vn 0.000000 0.000000 -1.000000
vn 0.381964 0.924177 0.000000
vn 0.381964 0.924177 0.000000
vn 0.381964 0.924177 0.000000
vn 0.381964 0.924177 0.000000
vn 0.381960 -0.924179 0.000000
vn 0.381960 -0.924179 0.000000
vn 0.381960 -0.924179 0.000000
vn 0.381960 -0.924179 0.000000
vn -0.247431 -0.153157 0.956724
vn -0.037674 0.015168 0.999175
vn 0.033373 -0.046085 0.998380
vn 0.016787 0.009364 0.999815
vn -1.000000 0.000000 0.000000
vn -1.000000 0.000000 0.000000
vn -1.000000 0.000000 0.000000
vn -1.000000 0.000000 0.000000
vn 0.000000 -1.000000 0.000000
vn 0.000000 -1.000000 0.000000
vn 0.000000 -1.000000 0.000000
vn 0.000000 -1.000000 0.000000
vn 1.000000 0.000000 0.000000
vn 1.000000 0.000000 0.000000
vn 1.000000 0.000000 0.000000
vn 1.000000 0.000000 0.000000
vn 0.000000 1.000000 0.000000
vn 0.000000 1.000000 0.000000
vn 0.000000 1.000000 0.000000
vn 0.000000 1.000000 0.000000
vn 0.000000 -1.000000 0.000000
vn 0.000000 -1.000000 0.000000
vn 0.000000 -1.000000 0.000000
vn 0.000000 -1.000000 0.000000
vn 0.000000 -1.000000 -0.000000
vn 0.000000 -1.000000 -0.000000
vn 0.000000 -1.000000 -0.000000
vn 0.000000 -1.000000 -0.000000
vn 0.000000 -1.000000 0.000000
vn 0.000000 -1.000000 0.000000
vn 0.000000 -1.000000 0.000000
vn 0.000000 -1.000000 0.000000
vn 0.000000 -1.000000 0.000000
vn 0.000000 -1.000000 0.000000
vn 0.000000 -1.000000 0.000000
vn 0.000000 -1.000000 0.000000
vn 0.000000 -1.000000 0.000000
vn 0.000000 -1.000000 0.000000
vn 0.000000 -1.000000 0.000000
vn 0.000000 -1.000000 0.000000
vn 0.000000 -1.000000 0.000000
vn 0.000000 -1.000000 0.000000
vn 0.000000 -1.000000 0.000000
vn 0.000000 -1.000000 0.000000
vn 0.000000 -1.000000 0.000000
vn 0.000000 -1.000000 0.000000
s off
f 638/885/973 640/886/974 639/887/975 637/888/976
s 1
f 646/889/977 650/890/978 648/891/979 643/892/980
s 2
f 637/888/981 639/893/982 644/894/983 642/895/984
s 3
f 652/896/985 640/897/986 638/885/987 649/898/988
s 2
f 642/895/984 644/894/983 645/899/989 641/900/990
s 1
f 641/900/991 645/901/992 646/889/977 643/892/980
f 648/891/979 650/890/978 651/902/993 647/903/994
s 3
f 647/903/995 651/904/996 652/896/985 649/898/988
s 4
f 649/898/997 638/885/998 637/888/999 642/895/1000
f 647/903/1001 641/900/1002 643/892/1003 648/891/1004
s off
f 653/905/1005 655/906/1006 656/907/1007 654/908/1008
f 654/908/1009 658/984/1010 657/910/1011 653/905/1012
f 655/906/1013 659/911/1014 660/912/1015 656/907/1016
f 653/905/1017 657/913/1018 659/914/1019 655/906/1020
f 656/907/1021 660/915/1022 658/909/1023 654/908/1024
f 661/916/1025 663/917/1026 664/918/1027 662/919/1028
f 662/919/1029 666/980/1030 665/921/1031 661/916/1032
f 663/917/1033 667/922/1034 668/923/1035 664/918/1036
f 661/916/1037 665/924/1038 667/925/1039 663/917/1040
f 664/918/1041 668/926/1042 666/920/1043 662/919/1044
f 669/927/1045 671/928/1046 672/929/1047 670/930/1048
f 670/930/1049 674/982/1050 673/932/1051 669/927/1052
f 671/928/1053 675/933/1054 676/934/1055 672/929/1056
f 669/927/1057 673/935/1058 675/936/1059 671/928/1060
f 672/929/1061 676/937/1062 674/931/1063 670/930/1064
f 678/938/1065 677/939/1066 679/940/1067 680/941/1068
s 5
f 686/942/1069 683/943/1070 688/944/1071 690/945/1072
s 6
f 677/939/1073 682/946/1074 684/947/1075 679/948/1076
s 7
f 692/949/1077 689/950/1078 678/938/1079 680/951/1080
s 6
f 682/946/1074 681/952/1081 685/953/1082 684/947/1075
s 5
f 681/952/1083 683/943/1070 686/942/1069 685/954/1084
f 688/944/1071 687/955/1085 691/956/1086 690/945/1072
s 7
f 687/955/1087 689/950/1078 692/949/1077 691/957/1088
s 8
f 689/950/1089 682/946/1090 677/939/1091 678/938/1092
f 687/955/1093 688/944/1094 683/943/1095 681/952/1096
s off
f 693/958/1097 694/959/1098 696/960/1099 695/961/1100
f 694/959/1101 693/958/1102 697/962/1103 698/963/1104
f 695/961/1105 696/960/1106 700/964/1107 699/965/1108
f 693/958/1109 695/961/1110 699/966/1111 697/967/1112
f 696/960/1113 694/959/1114 698/983/1115 700/968/1116
f 701/969/1117 702/970/1118 704/971/1119 703/972/1120
f 702/970/1121 701/969/1122 705/973/1123 706/974/1124
f 703/972/1125 704/971/1126 708/975/1127 707/976/1128
f 701/969/1129 703/972/1130 707/977/1131 705/978/1132
f 704/971/1133 702/970/1134 706/981/1135 708/979/1136
s 9
f 711/985/1137 709/986/1138 713/987/1139 712/988/1140
f 709/986/1138 710/989/1141 714/990/1142 713/987/1139
s 10
f 712/988/1143 715/991/1144 836/992/1145 837/993/1146
f 712/988/1143 713/987/1147 716/994/1148 715/991/1144
f 713/987/1147 714/990/1149 717/995/1150 716/994/1148
s 11
f 715/991/1151 718/996/1152 835/997/1153 836/992/1154
f 715/991/1151 716/994/1155 719/998/1156 718/996/1152
s 12
f 716/994/1157 717/995/1158 720/999/1159 719/998/1160
s 13
f 719/1000/1161 720/1001/1162 833/1002/1163 834/1003/1164
s 14
f 718/1004/1165 719/1000/1166 834/1003/1167 835/1005/1168
s 15
f 720/1001/1169 721/1006/1170 839/1007/1171 833/1002/1172
s 12
f 717/995/1158 722/1008/1173 721/1009/1174 720/999/1159
s 10
f 714/990/1149 723/1010/1175 722/1008/1176 717/995/1150
s 9
f 710/989/1141 724/1011/1177 723/1010/1178 714/990/1142
s 12
f 721/1009/1174 722/1008/1173 726/1012/1179 725/1013/1180
s off
f 729/1014/1181 730/1015/1182 731/1016/1183 732/1017/1184
f 723/1010/1185 724/1011/1186 730/1015/1187 729/1014/1188
f 728/1018/1189 727/1019/1190 732/1017/1191 731/1016/1192
f 726/1012/1193 722/1008/1194 729/1014/1195 732/1017/1196
f 723/1010/1197 729/1014/1198 722/1008/1199
f 727/1019/1200 726/1012/1201 732/1017/1202
s 16
f 711/985/1203 832/1020/1204 840/1021/1205 733/1022/1206
f 710/989/1207 709/986/1208 733/1022/1206
f 709/986/1208 711/985/1203 733/1022/1206
f 724/1011/1209 710/989/1207 733/1022/1206 734/1023/1210
f 730/1015/1211 724/1011/1209 734/1023/1210
f 728/1018/1212 731/1016/1213 735/1024/1214
f 731/1016/1213 730/1015/1211 734/1023/1210 735/1024/1214
s 15
f 725/1025/1215 736/1026/1216 841/1027/1217 838/1028/1218
s 12
f 726/1012/1179 737/1029/1219 736/1030/1220 725/1013/1180
s 18
f 727/1019/1221 738/1031/1222 737/1029/1223 726/1012/1224
s 19
f 728/1018/1225 739/1032/1226 738/1031/1227 727/1019/1228
s 16
f 740/1033/1229 739/1032/1230 728/1018/1212 735/1024/1214
s 20
f 749/1034/1231 748/1035/1232 843/1036/1233 846/1037/1234
f 748/1035/1232 747/1038/1235 844/1039/1236 843/1036/1233
f 747/1038/1235 743/1040/1237 842/1041/1238 844/1039/1236
f 742/1042/1239 741/1043/1240 752/1044/1241 746/1045/1242
f 741/1043/1240 743/1040/1237 747/1038/1235 752/1044/1241
f 744/1046/1243 745/1047/1244 751/1048/1245 750/1049/1246
f 745/1047/1244 746/1045/1242 752/1044/1241 751/1048/1245
f 747/1038/1235 748/1035/1232 751/1048/1245 752/1044/1241
f 748/1035/1232 749/1034/1231 750/1049/1246 751/1048/1245
f 755/1050/1247 754/1051/1248 746/1045/1242 745/1047/1244
f 756/1052/1249 755/1050/1247 745/1047/1244 744/1046/1243
s 22
f 758/1053/1250 757/1054/1251 759/1055/1252
s 20
f 763/1056/1253 762/1057/1254 765/1058/1255 764/1059/1256
f 764/1059/1256 765/1058/1255 767/1060/1257 766/1061/1258
f 766/1061/1258 767/1060/1257 769/1062/1259 768/1063/1260
f 768/1063/1260 769/1062/1259 771/1064/1261 770/1065/1262
f 768/1063/1260 746/1045/1242 754/1051/1248 766/1061/1258
f 771/1064/1261 769/1062/1259 757/1054/1263 758/1053/1264
f 769/1062/1259 767/1060/1257 759/1055/1265 757/1054/1263
f 767/1060/1257 765/1058/1255 760/1066/1266 759/1055/1265
f 765/1058/1255 762/1057/1254 761/1067/1267 760/1066/1266
f 742/1042/1239 746/1045/1242 768/1063/1260 770/1065/1262
f 764/1059/1256 754/1051/1248 753/1068/1268 763/1056/1253
f 766/1061/1258 754/1051/1248 764/1059/1256
s 22
f 758/1053/1250 759/1055/1252 760/1066/1269 761/1067/1270
s 24
f 772/1069/1271 743/1070/1272 741/1071/1273 742/1072/1274
f 763/1073/1275 753/1074/1276 773/1075/1277 774/1076/1278
f 758/1077/1279 761/1078/1280 774/1076/1278 775/1079/1281
f 774/1076/1278 761/1078/1280 762/1080/1282 763/1073/1275
f 742/1072/1274 770/1081/1283 775/1079/1281 772/1069/1271
f 775/1079/1281 770/1081/1283 771/1082/1284 758/1077/1279
s 26
f 740/1083/1285 735/1084/1286 774/1085/1287 773/1086/1288
s off
f 735/1084/1289 734/1087/1290 775/1088/1291 774/1085/1292
f 734/1087/1293 733/1089/1294 772/1090/1295 775/1088/1296
s 27
f 733/1089/1297 840/1091/1298 845/1092/1299 772/1090/1300
s 28
f 784/1093/1301 785/1094/1302 789/1095/1303 788/1096/1304
f 785/1094/1302 784/1093/1301 786/1097/1305 787/1098/1306
f 788/1096/1304 789/1095/1303 791/1099/1307 790/1100/1308
f 792/1101/1309 793/1102/1310 797/1103/1311 796/1104/1312
f 793/1102/1310 792/1101/1309 794/1105/1313 795/1106/1314
f 796/1104/1312 797/1103/1311 799/1107/1315 798/1108/1316
f 788/1109/1304 790/1110/1308 794/1111/1313 792/1112/1309
f 796/1113/1312 798/1114/1316 786/1115/1305 784/1116/1301
f 796/1113/1312 784/1116/1301 788/1109/1304 792/1112/1309
f 785/1094/1302 787/1098/1306 777/1117/1317 776/1118/1318
f 791/1099/1307 789/1095/1303 779/1119/1319 778/1120/1320
f 789/1095/1303 785/1094/1302 776/1118/1318 779/1119/1319
f 793/1102/1310 795/1106/1314 781/1121/1321 780/1122/1322
f 799/1107/1315 797/1103/1311 783/1123/1323 782/1124/1324
f 797/1103/1311 793/1102/1310 780/1122/1322 783/1123/1323
f 776/1118/1318 777/1117/1317 801/1125/1325 800/1126/1326
f 778/1120/1320 779/1119/1319 803/1127/1327 802/1128/1328
f 779/1119/1319 776/1118/1318 800/1126/1326 803/1127/1327
f 780/1122/1322 781/1121/1321 805/1129/1329 804/1130/1330
f 782/1124/1324 783/1123/1323 807/1131/1331 806/1132/1332
f 783/1123/1323 780/1122/1322 804/1130/1330 807/1131/1331
s off
f 808/1133/1333 810/1134/1334 811/1135/1335 809/1136/1336
s 30
f 810/1137/1337 812/1138/1338 813/1139/1339 811/1135/1340
s off
f 812/1140/1341 814/1141/1342 815/1142/1343 813/1139/1344
s 30
f 814/1143/1345 808/1144/1346 809/1136/1347 815/1142/1348
f 809/1136/1347 811/1135/1340 813/1139/1339 815/1142/1348
s off
f 818/1145/1349 820/1146/1350 821/1147/1351 819/1148/1352
f 822/1149/1353 816/1150/1354 817/1151/1355 823/1152/1356
s 31
f 826/1153/1357 827/1154/1358 825/1155/1359
f 825/1156/1359 827/1157/1358 824/1158/1360
s off
f 816/1159/1361 827/1154/1362 826/1153/1363 817/1151/1364
f 828/1160/1365 822/1161/1366 823/1152/1367 829/1162/1368
f 817/1151/1369 826/1153/1370 829/1162/1371 823/1152/1372
f 827/1157/1373 818/1163/1374 819/1148/1375 824/1158/1376
f 820/1164/1377 828/1165/1378 831/1166/1379 821/1147/1380
f 824/1158/1381 819/1148/1382 821/1147/1383 831/1166/1384
s 32
f 828/1160/1385 829/1162/1386 830/1167/1387
f 828/1165/1385 830/1168/1387 831/1166/1388
s off
f 824/1158/1389 831/1166/1390 830/1168/1391 825/1156/1392
f 825/1155/1393 830/1167/1394 829/1162/1395 826/1153/1396
s 9
f 837/993/1397 832/1020/1398 711/985/1137 712/988/1140
s 15
f 838/1028/1218 839/1007/1171 721/1006/1170 725/1025/1215
s 24
f 845/1169/1399 842/1170/1400 743/1070/1272 772/1069/1271
s 9
f 849/1171/1401 850/1172/1402 851/1173/1403 847/1174/1404
f 847/1174/1404 851/1173/1403 852/1175/1405 848/1176/1406
s 10
f 850/1172/1407 837/1177/1146 836/1178/1145 853/1179/1408
f 850/1172/1407 853/1179/1408 854/1180/1409 851/1173/1410
f 851/1173/1410 854/1180/1409 855/1181/1411 852/1175/1412
s 11
f 853/1179/1413 836/1178/1154 835/1182/1153 856/1183/1414
f 853/1179/1413 856/1183/1414 857/1184/1415 854/1180/1416
s 33
f 854/1180/1417 857/1184/1418 858/1185/1419 855/1181/1420
s 13
f 857/1186/1421 834/1187/1164 833/1188/1163 858/1189/1422
s 14
f 856/1190/1423 835/1191/1168 834/1187/1167 857/1186/1424
s 15
f 858/1189/1425 833/1188/1172 839/1192/1171 859/1193/1426
s 33
f 855/1181/1420 858/1185/1419 859/1194/1427 860/1195/1428
s 10
f 852/1175/1412 855/1181/1411 860/1195/1429 861/1196/1430
s 9
f 848/1176/1406 852/1175/1405 861/1196/1431 862/1197/1432
s 33
f 859/1194/1427 863/1198/1433 864/1199/1434 860/1195/1428
s off
f 867/1200/1435 870/1201/1436 869/1202/1437 868/1203/1438
f 861/1196/1439 867/1200/1440 868/1203/1441 862/1197/1442
f 866/1204/1443 869/1202/1444 870/1201/1445 865/1205/1446
f 864/1199/1447 870/1201/1448 867/1200/1449 860/1195/1450
f 861/1196/1451 860/1195/1452 867/1200/1453
f 865/1205/1454 870/1201/1455 864/1199/1456
s 16
f 849/1171/1457 871/1206/1458 840/1207/1205 832/1208/1204
f 848/1176/1459 871/1206/1458 847/1174/1460
f 847/1174/1460 871/1206/1458 849/1171/1457
f 862/1197/1461 872/1209/1462 871/1206/1458 848/1176/1459
f 868/1203/1463 872/1209/1462 862/1197/1461
f 866/1204/1464 873/1210/1465 869/1202/1466
f 869/1202/1466 873/1210/1465 872/1209/1462 868/1203/1463
s 15
f 863/1211/1467 838/1212/1218 841/1213/1217 874/1214/1468
s 33
f 864/1199/1434 863/1198/1433 874/1215/1469 875/1216/1470
s 36
f 865/1205/1471 864/1199/1472 875/1216/1473 876/1217/1474
s 37
f 866/1204/1475 865/1205/1476 876/1217/1477 877/1218/1478
s 16
f 878/1219/1479 873/1210/1465 866/1204/1464 877/1218/1480
s 20
f 887/1220/1481 846/1037/1234 843/1036/1233 886/1221/1482
f 886/1221/1482 843/1036/1233 844/1039/1236 885/1222/1483
f 885/1222/1483 844/1039/1236 842/1041/1238 881/1223/1484
f 880/1224/1485 884/1225/1486 890/1226/1487 879/1227/1488
f 879/1228/1488 890/1229/1487 885/1222/1483 881/1223/1484
f 882/1230/1489 888/1231/1490 889/1232/1491 883/1233/1492
f 883/1233/1492 889/1232/1491 890/1226/1487 884/1225/1486
f 885/1222/1483 890/1229/1487 889/1234/1491 886/1221/1482
f 886/1221/1482 889/1234/1491 888/1235/1490 887/1220/1481
f 893/1236/1493 883/1233/1492 884/1225/1486 892/1237/1494
f 894/1238/1495 882/1230/1489 883/1233/1492 893/1236/1493
s 39
f 896/1239/1496 897/1240/1497 895/1241/1498
s 20
f 901/1242/1499 902/1243/1500 903/1244/1501 900/1245/1502
f 902/1243/1500 904/1246/1503 905/1247/1504 903/1244/1501
f 904/1246/1503 906/1248/1505 907/1249/1506 905/1247/1504
f 906/1248/1505 908/1250/1507 909/1251/1508 907/1249/1506
f 906/1248/1505 904/1246/1503 892/1237/1494 884/1225/1486
f 909/1251/1508 896/1239/1509 895/1241/1510 907/1249/1506
f 907/1249/1506 895/1241/1510 897/1240/1511 905/1247/1504
f 905/1247/1504 897/1240/1511 898/1252/1512 903/1244/1501
f 903/1244/1501 898/1252/1512 899/1253/1513 900/1245/1502
f 880/1224/1485 908/1250/1507 906/1248/1505 884/1225/1486
f 902/1243/1500 901/1242/1499 891/1254/1514 892/1237/1494
f 904/1246/1503 902/1243/1500 892/1237/1494
s 39
f 896/1239/1496 899/1253/1515 898/1252/1516 897/1240/1497
s 24
f 910/1255/1517 880/1256/1518 879/1257/1519 881/1258/1520
f 901/1259/1521 912/1260/1522 911/1261/1523 891/1262/1524
f 896/1263/1525 913/1264/1526 912/1260/1522 899/1265/1527
f 912/1260/1522 901/1259/1521 900/1266/1528 899/1265/1527
f 880/1256/1518 910/1255/1517 913/1264/1526 908/1267/1529
f 913/1264/1526 896/1263/1525 909/1268/1530 908/1267/1529
s 44
f 878/1269/1531 911/1270/1532 912/1271/1533 873/1272/1534
s off
f 873/1272/1535 912/1271/1536 913/1273/1537 872/1274/1538
f 872/1274/1539 913/1273/1540 910/1275/1541 871/1276/1542
s 27
f 871/1276/1543 910/1275/1544 845/1277/1299 840/1278/1298
s 45
f 922/1279/1545 926/1280/1546 927/1281/1547 923/1282/1548
f 923/1282/1548 925/1283/1549 924/1284/1550 922/1279/1545
f 926/1280/1546 928/1285/1551 929/1286/1552 927/1281/1547
f 930/1287/1553 934/1288/1554 935/1289/1555 931/1290/1556
f 931/1290/1556 933/1291/1557 932/1292/1558 930/1287/1553
f 934/1288/1554 936/1293/1559 937/1294/1560 935/1289/1555
f 926/1295/1546 930/1296/1553 932/1297/1558 928/1298/1551
f 934/1299/1554 922/1300/1545 924/1301/1550 936/1302/1559
f 934/1299/1554 930/1296/1553 926/1295/1546 922/1300/1545
f 923/1282/1548 914/1303/1561 915/1304/1562 925/1283/1549
f 929/1286/1552 916/1305/1563 917/1306/1564 927/1281/1547
f 927/1281/1547 917/1306/1564 914/1303/1561 923/1282/1548
f 931/1290/1556 918/1307/1565 919/1308/1566 933/1291/1557
f 937/1294/1560 920/1309/1567 921/1310/1568 935/1289/1555
f 935/1289/1555 921/1310/1568 918/1307/1565 931/1290/1556
f 914/1303/1561 938/1311/1569 939/1312/1570 915/1304/1562
f 916/1305/1563 940/1313/1571 941/1314/1572 917/1306/1564
f 917/1306/1564 941/1314/1572 938/1311/1569 914/1303/1561
f 918/1307/1565 942/1315/1573 943/1316/1574 919/1308/1566
f 920/1309/1567 944/1317/1575 945/1318/1576 921/1310/1568
f 921/1310/1568 945/1318/1576 942/1315/1573 918/1307/1565
s off
f 946/1319/1577 947/1320/1578 949/1321/1579 948/1322/1580
s 46
f 948/1323/1581 949/1321/1582 951/1324/1583 950/1325/1584
s off
f 950/1326/1585 951/1324/1586 953/1327/1587 952/1328/1588
s 46
f 952/1329/1589 953/1327/1590 947/1320/1591 946/1330/1592
f 947/1320/1591 953/1327/1590 951/1324/1583 949/1321/1582
s off
f 956/1331/1593 957/1332/1594 959/1333/1595 958/1334/1596
f 960/1335/1597 961/1336/1598 955/1337/1599 954/1338/1600
s 47
f 964/1339/1601 963/1340/1602 965/1341/1603
f 963/1342/1602 962/1343/1604 965/1344/1603
s off
f 954/1345/1605 955/1337/1606 964/1339/1607 965/1341/1608
f 966/1346/1609 967/1347/1610 961/1336/1611 960/1348/1612
f 955/1337/1613 961/1336/1614 967/1347/1615 964/1339/1616
f 965/1344/1617 962/1343/1618 957/1332/1619 956/1349/1620
f 958/1350/1621 959/1333/1622 969/1351/1623 966/1352/1624
f 962/1343/1625 969/1351/1626 959/1333/1627 957/1332/1628
s 48
f 966/1346/1629 968/1353/1630 967/1347/1631
f 966/1352/1629 969/1351/1632 968/1354/1630
s off
f 962/1343/1633 963/1342/1634 968/1354/1635 969/1351/1636
f 963/1340/1637 964/1339/1638 967/1347/1639 968/1353/1640
s 9
f 837/1177/1397 850/1172/1402 849/1171/1401 832/1208/1398
s 15
f 838/1212/1218 863/1211/1467 859/1193/1426 839/1192/1171
s 24
f 845/1355/1399 910/1255/1517 881/1258/1520 842/1356/1400
s 49
f 972/1357/1641 973/1358/1642 974/1359/1643 970/1360/1644
f 970/1360/1644 974/1359/1643 975/1361/1645 971/1362/1646
s 50
f 973/1358/1647 1088/1363/1648 1087/1364/1649 976/1365/1650
f 973/1358/1647 976/1365/1650 977/1366/1651 974/1359/1652
f 974/1359/1652 977/1366/1651 978/1367/1653 975/1361/1654
s 51
f 976/1365/1655 1087/1364/1656 1086/1368/1657 979/1369/1658
f 976/1365/1655 979/1369/1658 980/1370/1659 977/1366/1660
s 12
f 977/1366/1661 980/1370/1662 981/1371/1663 978/1367/1664
s 53
f 980/1372/1665 1085/1373/1666 1084/1374/1667 981/1375/1668
s 54
f 979/1376/1669 1086/1377/1670 1085/1373/1671 980/1372/1672
s 15
f 981/1375/1673 1084/1374/1674 1090/1378/1675 982/1379/1676
s 12
f 978/1367/1664 981/1371/1663 982/1380/1677 983/1381/1678
s 50
f 975/1361/1654 978/1367/1653 983/1381/1679 984/1382/1680
s 49
f 971/1362/1646 975/1361/1645 984/1382/1681 985/1383/1682
s 12
f 982/1380/1677 986/1384/1683 987/1385/1684 983/1381/1678
s off
f 990/1386/1685 993/1387/1686 992/1388/1687 991/1389/1688
f 984/1382/1689 990/1386/1690 991/1389/1691 985/1383/1692
f 989/1390/1693 992/1388/1694 993/1387/1695 988/1391/1696
f 987/1385/1697 993/1387/1698 990/1386/1699 983/1381/1700
f 984/1382/1701 983/1381/1702 990/1386/1703
f 988/1391/1704 993/1387/1705 987/1385/1706
s 16
f 972/1357/1707 994/1392/1708 1091/1393/1709 1083/1394/1710
f 971/1362/1711 994/1392/1708 970/1360/1712
f 970/1360/1712 994/1392/1708 972/1357/1707
f 985/1383/1713 995/1395/1714 994/1392/1708 971/1362/1711
f 991/1389/1715 995/1395/1714 985/1383/1713
f 989/1390/1716 996/1396/1717 992/1388/1718
f 992/1388/1718 996/1396/1717 995/1395/1714 991/1389/1715
s 15
f 986/1397/1719 1089/1398/1720 841/1399/1217 736/1400/1216
s 12
f 987/1385/1684 986/1384/1683 736/1401/1220 737/1402/1219
s 18
f 988/1391/1721 987/1385/1722 737/1402/1223 738/1403/1222
s 19
f 989/1390/1723 988/1391/1724 738/1403/1227 739/1404/1226
s 16
f 740/1405/1229 996/1396/1717 989/1390/1716 739/1404/1230
s 20
f 1005/1406/1725 1096/1407/1726 1093/1408/1727 1004/1409/1728
f 1004/1409/1728 1093/1408/1727 1094/1410/1729 1003/1411/1730
f 1003/1411/1730 1094/1410/1729 1092/1412/1731 999/1413/1732
f 998/1414/1733 1002/1415/1734 1008/1416/1735 997/1417/1736
f 997/1417/1736 1008/1416/1735 1003/1411/1730 999/1413/1732
f 1000/1418/1737 1006/1419/1738 1007/1420/1739 1001/1421/1740
f 1001/1421/1740 1007/1420/1739 1008/1416/1735 1002/1415/1734
f 1003/1411/1730 1008/1416/1735 1007/1420/1739 1004/1409/1728
f 1004/1409/1728 1007/1420/1739 1006/1419/1738 1005/1406/1725
f 755/1050/1247 1001/1421/1740 1002/1415/1734 754/1051/1248
f 756/1052/1249 1000/1418/1737 1001/1421/1740 755/1050/1247
s 60
f 1010/1422/1741 1011/1423/1742 1009/1424/1743
s 20
f 1015/1425/1744 1016/1426/1745 1017/1427/1746 1014/1428/1747
f 1016/1426/1745 1018/1429/1748 1019/1430/1749 1017/1427/1746
f 1018/1429/1748 1020/1431/1750 1021/1432/1751 1019/1430/1749
f 1020/1431/1750 1022/1433/1752 1023/1434/1753 1021/1432/1751
f 1020/1431/1750 1018/1429/1748 754/1051/1248 1002/1415/1734
f 1023/1434/1753 1010/1422/1754 1009/1424/1755 1021/1432/1751
f 1021/1432/1751 1009/1424/1755 1011/1423/1756 1019/1430/1749
f 1019/1430/1749 1011/1423/1756 1012/1435/1757 1017/1427/1746
f 1017/1427/1746 1012/1435/1757 1013/1436/1758 1014/1428/1747
f 998/1414/1733 1022/1433/1752 1020/1431/1750 1002/1415/1734
f 1016/1426/1745 1015/1425/1744 753/1068/1268 754/1051/1248
f 1018/1429/1748 1016/1426/1745 754/1051/1248
s 60
f 1010/1422/1741 1013/1436/1759 1012/1435/1760 1011/1423/1742
s 24
f 1024/1437/1761 998/1438/1762 997/1439/1763 999/1440/1764
f 1015/1441/1765 1025/1442/1766 773/1075/1277 753/1074/1276
f 1010/1443/1767 1026/1444/1768 1025/1442/1766 1013/1445/1769
f 1025/1442/1766 1015/1441/1765 1014/1446/1770 1013/1445/1769
f 998/1438/1762 1024/1437/1761 1026/1444/1768 1022/1447/1771
f 1026/1444/1768 1010/1443/1767 1023/1448/1772 1022/1447/1771
s 26
f 740/1449/1285 773/1450/1288 1025/1451/1773 996/1452/1774
s off
f 996/1452/1775 1025/1451/1776 1026/1453/1777 995/1454/1778
f 995/1454/1779 1026/1453/1780 1024/1455/1781 994/1456/1782
s 63
f 994/1456/1783 1024/1455/1784 1095/1457/1785 1091/1458/1786
s 64
f 1035/1459/1787 1039/1460/1788 1040/1461/1789 1036/1462/1790
f 1036/1462/1790 1038/1463/1791 1037/1464/1792 1035/1459/1787
f 1039/1460/1788 1041/1465/1793 1042/1466/1794 1040/1461/1789
f 1043/1467/1795 1047/1468/1796 1048/1469/1797 1044/1470/1798
f 1044/1470/1798 1046/1471/1799 1045/1472/1800 1043/1467/1795
f 1047/1468/1796 1049/1473/1801 1050/1474/1802 1048/1469/1797
f 1039/1475/1788 1043/1476/1795 1045/1477/1800 1041/1478/1793
f 1047/1479/1796 1035/1480/1787 1037/1481/1792 1049/1482/1801
f 1047/1479/1796 1043/1476/1795 1039/1475/1788 1035/1480/1787
f 1036/1462/1790 1027/1483/1803 1028/1484/1804 1038/1463/1791
f 1042/1466/1794 1029/1485/1805 1030/1486/1806 1040/1461/1789
f 1040/1461/1789 1030/1486/1806 1027/1483/1803 1036/1462/1790
f 1044/1470/1798 1031/1487/1807 1032/1488/1808 1046/1471/1799
f 1050/1474/1802 1033/1489/1809 1034/1490/1810 1048/1469/1797
f 1048/1469/1797 1034/1490/1810 1031/1487/1807 1044/1470/1798
f 1027/1483/1803 1051/1491/1811 1052/1492/1812 1028/1484/1804
f 1029/1485/1805 1053/1493/1813 1054/1494/1814 1030/1486/1806
f 1030/1486/1806 1054/1494/1814 1051/1491/1811 1027/1483/1803
f 1031/1487/1807 1055/1495/1815 1056/1496/1816 1032/1488/1808
f 1033/1489/1809 1057/1497/1817 1058/1498/1818 1034/1490/1810
f 1034/1490/1810 1058/1498/1818 1055/1495/1815 1031/1487/1807
s off
f 1059/1499/1819 1060/1500/1820 1062/1501/1821 1061/1502/1822
s 65
f 1061/1503/1823 1062/1501/1824 1064/1504/1825 1063/1505/1826
s off
f 1063/1506/1827 1064/1504/1828 1066/1507/1829 1065/1508/1830
s 65
f 1065/1509/1831 1066/1507/1832 1060/1500/1833 1059/1510/1834
f 1060/1500/1833 1066/1507/1832 1064/1504/1825 1062/1501/1824
s off
f 1069/1511/1835 1070/1512/1836 1072/1513/1837 1071/1514/1838
f 1073/1515/1839 1074/1516/1840 1068/1517/1841 1067/1518/1842
s 66
f 1077/1519/1843 1076/1520/1844 1078/1521/1845
f 1076/1522/1844 1075/1523/1846 1078/1524/1845
s off
f 1067/1525/1847 1068/1517/1848 1077/1519/1849 1078/1521/1850
f 1079/1526/1851 1080/1527/1852 1074/1516/1853 1073/1528/1854
f 1068/1517/1855 1074/1516/1856 1080/1527/1857 1077/1519/1858
f 1078/1524/1859 1075/1523/1860 1070/1512/1861 1069/1529/1862
f 1071/1530/1863 1072/1513/1864 1082/1531/1865 1079/1532/1866
f 1075/1523/1867 1082/1531/1868 1072/1513/1869 1070/1512/1870
s 67
f 1079/1526/1871 1081/1533/1872 1080/1527/1873
f 1079/1532/1871 1082/1531/1874 1081/1534/1872
s off
f 1075/1523/1875 1076/1522/1876 1081/1534/1877 1082/1531/1878
f 1076/1520/1879 1077/1519/1880 1080/1527/1881 1081/1533/1882
s 49
f 1088/1363/1883 973/1358/1642 972/1357/1641 1083/1394/1884
s 15
f 1089/1398/1720 986/1397/1719 982/1379/1676 1090/1378/1675
s 24
f 1095/1535/1885 1024/1437/1761 999/1440/1764 1092/1536/1886
s 49
f 1099/1537/1887 1097/1538/1888 1101/1539/1889 1100/1540/1890
f 1097/1538/1888 1098/1541/1891 1102/1542/1892 1101/1539/1889
s 50
f 1100/1540/1893 1103/1543/1894 1087/1544/1649 1088/1545/1648
f 1100/1540/1893 1101/1539/1895 1104/1546/1896 1103/1543/1894
f 1101/1539/1895 1102/1542/1897 1105/1547/1898 1104/1546/1896
s 51
f 1103/1543/1899 1106/1548/1900 1086/1549/1657 1087/1544/1656
f 1103/1543/1899 1104/1546/1901 1107/1550/1902 1106/1548/1900
s 33
f 1104/1546/1903 1105/1547/1904 1108/1551/1905 1107/1550/1906
s 53
f 1107/1552/1907 1108/1553/1908 1084/1554/1667 1085/1555/1666
s 54
f 1106/1556/1909 1107/1552/1910 1085/1555/1671 1086/1557/1670
s 15
f 1108/1553/1911 1109/1558/1912 1090/1559/1675 1084/1554/1674
s 33
f 1105/1547/1904 1110/1560/1913 1109/1561/1914 1108/1551/1905
s 50
f 1102/1542/1897 1111/1562/1915 1110/1560/1916 1105/1547/1898
s 49
f 1098/1541/1891 1112/1563/1917 1111/1562/1918 1102/1542/1892
s 33
f 1109/1561/1914 1110/1560/1913 1114/1564/1919 1113/1565/1920
s off
f 1117/1566/1921 1118/1567/1922 1119/1568/1923 1120/1569/1924
f 1111/1562/1925 1112/1563/1926 1118/1567/1927 1117/1566/1928
f 1116/1570/1929 1115/1571/1930 1120/1569/1931 1119/1568/1932
f 1114/1564/1933 1110/1560/1934 1117/1566/1935 1120/1569/1936
f 1111/1562/1937 1117/1566/1938 1110/1560/1939
f 1115/1571/1940 1114/1564/1941 1120/1569/1942
s 16
f 1099/1537/1943 1083/1572/1710 1091/1573/1709 1121/1574/1944
f 1098/1541/1945 1097/1538/1946 1121/1574/1944
f 1097/1538/1946 1099/1537/1943 1121/1574/1944
f 1112/1563/1947 1098/1541/1945 1121/1574/1944 1122/1575/1948
f 1118/1567/1949 1112/1563/1947 1122/1575/1948
f 1116/1570/1950 1119/1568/1951 1123/1576/1952
f 1119/1568/1951 1118/1567/1949 1122/1575/1948 1123/1576/1952
s 15
f 1113/1577/1953 874/1578/1468 841/1579/1217 1089/1580/1720
s 33
f 1114/1564/1919 875/1581/1470 874/1582/1469 1113/1565/1920
s 36
f 1115/1571/1954 876/1583/1474 875/1581/1473 1114/1564/1955
s 37
f 1116/1570/1956 877/1584/1478 876/1583/1477 1115/1571/1957
s 16
f 878/1585/1479 877/1584/1480 1116/1570/1950 1123/1576/1952
s 20
f 1132/1586/1958 1131/1587/1959 1093/1588/1727 1096/1589/1726
f 1131/1587/1959 1130/1590/1960 1094/1591/1729 1093/1588/1727
s off
f 1214/1592/1961 1215/1593/1962 1216/1594/1963 1217/1595/1964
s 20
f 1125/1596/1965 1124/1597/1966 1135/1598/1967 1129/1599/1968
f 1124/1597/1966 1126/1600/1969 1130/1590/1960 1135/1598/1967
f 1127/1601/1970 1128/1602/1971 1134/1603/1972 1133/1604/1973
f 1128/1602/1971 1129/1599/1968 1135/1598/1967 1134/1603/1972
f 1130/1590/1960 1131/1587/1959 1134/1603/1972 1135/1598/1967
f 1131/1587/1959 1132/1586/1958 1133/1604/1973 1134/1603/1972
f 893/1236/1493 892/1237/1494 1129/1599/1968 1128/1602/1971
f 894/1238/1495 893/1236/1493 1128/1602/1971 1127/1601/1970
s 71
f 1137/1605/1974 1136/1606/1975 1138/1607/1976
s 20
f 1142/1608/1977 1141/1609/1978 1144/1610/1979 1143/1611/1980
f 1143/1611/1980 1144/1610/1979 1146/1612/1981 1145/1613/1982
f 1145/1613/1982 1146/1612/1981 1148/1614/1983 1147/1615/1984
f 1147/1615/1984 1148/1614/1983 1150/1616/1985 1149/1617/1986
f 1147/1615/1984 1129/1599/1968 892/1237/1494 1145/1613/1982
f 1150/1616/1985 1148/1614/1983 1136/1606/1987 1137/1605/1988
f 1148/1614/1983 1146/1612/1981 1138/1607/1989 1136/1606/1987
f 1146/1612/1981 1144/1610/1979 1139/1618/1990 1138/1607/1989
f 1144/1610/1979 1141/1609/1978 1140/1619/1991 1139/1618/1990
f 1125/1596/1965 1129/1599/1968 1147/1615/1984 1149/1617/1986
f 1143/1611/1980 892/1237/1494 891/1254/1514 1142/1608/1977
f 1145/1613/1982 892/1237/1494 1143/1611/1980
s 71
f 1137/1605/1974 1138/1607/1976 1139/1618/1992 1140/1619/1993
s 24
f 1151/1620/1994 1126/1621/1995 1124/1622/1996 1125/1623/1997
f 1142/1624/1998 891/1262/1524 911/1261/1523 1152/1625/1999
f 1137/1626/2000 1140/1627/2001 1152/1625/1999 1153/1628/2002
f 1152/1625/1999 1140/1627/2001 1141/1629/2003 1142/1624/1998
f 1125/1623/1997 1149/1630/2004 1153/1628/2002 1151/1620/1994
f 1153/1628/2002 1149/1630/2004 1150/1631/2005 1137/1626/2000
s 44
f 878/1632/1531 1123/1633/2006 1152/1634/2007 911/1635/1532
s off
f 1123/1633/2008 1122/1636/2009 1153/1637/2010 1152/1634/2011
f 1122/1636/2012 1121/1638/2013 1151/1639/2014 1153/1637/2015
s 63
f 1121/1638/2016 1091/1640/1786 1095/1641/1785 1151/1639/2017
s 73
f 1162/1642/2018 1163/1643/2019 1167/1644/2020 1166/1645/2021
f 1163/1643/2019 1162/1642/2018 1164/1646/2022 1165/1647/2023
f 1166/1645/2021 1167/1644/2020 1169/1648/2024 1168/1649/2025
f 1170/1650/2026 1171/1651/2027 1175/1652/2028 1174/1653/2029
f 1171/1651/2027 1170/1650/2026 1172/1654/2030 1173/1655/2031
f 1174/1653/2029 1175/1652/2028 1177/1656/2032 1176/1657/2033
f 1166/1658/2021 1168/1659/2025 1172/1660/2030 1170/1661/2026
f 1174/1662/2029 1176/1663/2033 1164/1664/2022 1162/1665/2018
f 1174/1662/2029 1162/1665/2018 1166/1658/2021 1170/1661/2026
f 1163/1643/2019 1165/1647/2023 1155/1666/2034 1154/1667/2035
f 1169/1648/2024 1167/1644/2020 1157/1668/2036 1156/1669/2037
f 1167/1644/2020 1163/1643/2019 1154/1667/2035 1157/1668/2036
f 1171/1651/2027 1173/1655/2031 1159/1670/2038 1158/1671/2039
f 1177/1656/2032 1175/1652/2028 1161/1672/2040 1160/1673/2041
f 1175/1652/2028 1171/1651/2027 1158/1671/2039 1161/1672/2040
f 1154/1667/2035 1155/1666/2034 1179/1674/2042 1178/1675/2043
f 1156/1669/2037 1157/1668/2036 1181/1676/2044 1180/1677/2045
f 1157/1668/2036 1154/1667/2035 1178/1675/2043 1181/1676/2044
f 1158/1671/2039 1159/1670/2038 1183/1678/2046 1182/1679/2047
f 1160/1673/2041 1161/1672/2040 1185/1680/2048 1184/1681/2049
f 1161/1672/2040 1158/1671/2039 1182/1679/2047 1185/1680/2048
s off
f 1186/1682/2050 1188/1683/2051 1189/1684/2052 1187/1685/2053
s 75
f 1188/1686/2054 1190/1687/2055 1191/1688/2056 1189/1684/2057
s off
f 1190/1689/2058 1192/1690/2059 1193/1691/2060 1191/1688/2061
s 75
f 1192/1692/2062 1186/1693/2063 1187/1685/2064 1193/1691/2065
f 1187/1685/2064 1189/1684/2057 1191/1688/2056 1193/1691/2065
s off
f 1196/1694/2066 1198/1695/2067 1199/1696/2068 1197/1697/2069
f 1200/1698/2070 1194/1699/2071 1195/1700/2072 1201/1701/2073
s 76
f 1204/1702/2074 1205/1703/2075 1203/1704/2076
f 1203/1705/2076 1205/1706/2075 1202/1707/2077
s off
f 1194/1708/2078 1205/1703/2079 1204/1702/2080 1195/1700/2081
f 1206/1709/2082 1200/1710/2083 1201/1701/2084 1207/1711/2085
f 1195/1700/2086 1204/1702/2087 1207/1711/2088 1201/1701/2089
f 1205/1706/2090 1196/1712/2091 1197/1697/2092 1202/1707/2093
f 1198/1713/2094 1206/1714/2095 1209/1715/2096 1199/1696/2097
f 1202/1707/2098 1197/1697/2099 1199/1696/2100 1209/1715/2101
s 77
f 1206/1709/2102 1207/1711/2103 1208/1716/2104
f 1206/1714/2102 1208/1717/2104 1209/1715/2105
s off
f 1202/1707/2106 1209/1715/2107 1208/1717/2108 1203/1705/2109
f 1203/1704/2110 1208/1716/2111 1207/1711/2112 1204/1702/2113
s 49
f 1088/1545/1883 1083/1572/1884 1099/1537/1887 1100/1540/1890
s 15
f 1089/1580/1720 1090/1559/1675 1109/1558/1912 1113/1577/1953
s 24
f 1095/1535/1885 1092/1536/1886 1126/1621/1995 1151/1620/1994
s 20
f 1130/1590/1960 1126/1600/1969 1211/1718/2114 1210/1719/2115
f 1126/1600/1969 1092/1720/1731 1212/1721/2116 1211/1718/2114
f 1092/1720/1731 1094/1591/1729 1213/1722/2117 1212/1721/2116
f 1094/1591/1729 1130/1590/1960 1210/1719/2115 1213/1722/2117
s off
f 1210/1719/2118 1211/1718/2119 1215/1593/2120 1214/1592/2121
f 1211/1718/2122 1212/1721/2123 1216/1594/2124 1215/1593/2125
f 1212/1721/2126 1213/1722/2127 1217/1595/2128 1216/1594/2129
f 1213/1722/2130 1210/1719/2131 1214/1592/2132 1217/1595/2133
f 749/1723/2134 846/1724/2135 1096/1725/2136 1005/1726/2137
f 846/1724/2138 887/1727/2139 1132/1728/2140 1096/1725/2141
f 887/1727/2142 888/1729/2143 1133/1730/2144 1132/1728/2145
f 750/1731/2146 749/1723/2147 1005/1726/2148 1006/1732/2149
f 756/1733/2150 744/1734/2151 750/1731/2152 1006/1732/2153 1000/1735/2154
f 882/1736/2155 894/1238/2156 1127/1601/2157 1133/1730/2158 888/1729/2159
s 8
f 687/955/1093 681/952/1096 682/946/1090 689/950/1089
s 4
f 647/903/1001 649/898/997 642/895/1000 641/900/1002
v -1.785627 4.326221 -2.810407
v -1.703154 4.237741 -2.211692
v -1.562527 4.353124 -2.879556
v -1.492825 4.271165 -2.213973
v -1.619615 4.405366 -2.946880
v -1.426702 4.179556 -2.225024
v -1.453450 4.200856 -3.081917
v -1.824483 4.160902 -2.198318
v -1.811277 4.341692 -2.482322
v -1.873171 4.192508 -2.949301
v -1.550883 4.291356 -2.083313
v -1.587216 4.395031 -2.512494
v -1.932288 4.171556 -2.550322
v -1.708375 4.367541 -2.404330
v -1.536450 4.214671 -2.638274
v -1.537600 4.138844 -2.076560
v -1.648724 4.191528 -3.142169
vt 0.900260 0.867385
vt 0.864037 0.854790
vt 0.867486 0.841085
vt 0.895446 0.847126
vt 0.941864 0.858740
vt 0.925379 0.846367
vt 0.888725 0.836997
vt 0.936071 0.829664
vt 0.861574 0.825344
vt 0.869108 0.817038
vt 0.898672 0.825375
vt 0.931181 0.822412
vt 0.909475 0.806772
vt 0.955310 0.811727
vt 0.866290 0.806775
vt 0.849314 0.823485
vt 0.960902 0.833283
vn -0.780855 0.621285 0.065348
vn -0.681925 0.568008 0.460808
vn -0.621091 0.561438 0.546840
vn -0.623007 0.773791 0.114496
vn -0.666041 0.659909 -0.347720
vn -0.613853 0.767617 -0.184250
vn -0.221755 0.945055 0.240200
vn -0.193537 0.891145 -0.410371
vn 0.010915 0.738539 0.674122
vn 0.707668 0.698313 0.107539
vn 0.636430 0.771308 0.006360
vn 0.719545 0.691556 -0.063287
vn 0.922447 0.385589 0.020331
vn 0.713728 0.624178 -0.317796
vn 0.904739 0.425902 0.007361
vn 0.057901 0.377249 0.924300
vn -0.204461 0.774940 -0.598049
s 1
f 1230/1737/2160 1225/1738/2161 1219/1739/2162 1226/1740/2163
f 1227/1741/2164 1230/1737/2160 1226/1740/2163 1218/1742/2165
f 1218/1742/2165 1226/1740/2163 1231/1743/2166 1222/1744/2167
f 1226/1740/2163 1219/1739/2162 1228/1745/2168 1231/1743/2166
f 1231/1743/2166 1228/1745/2168 1221/1746/2169 1229/1747/2170
f 1222/1744/2167 1231/1743/2166 1229/1747/2170 1220/1748/2171
f 1220/1748/2171 1229/1747/2170 1232/1749/2172 1224/1750/2173
f 1229/1747/2170 1221/1746/2169 1223/1751/2174 1232/1749/2172
f 1233/1752/2175 1223/1751/2174 1221/1746/2169 1228/1745/2168
f 1225/1738/2161 1233/1752/2175 1228/1745/2168 1219/1739/2162
f 1234/1753/2176 1227/1741/2164 1218/1742/2165 1222/1744/2167
f 1224/1750/2173 1234/1753/2176 1222/1744/2167 1220/1748/2171
